物件名,所在地,最寄り駅,徒歩分,築年数,階数,間取り,面積,家賃,URL,築年数_num,面積_num,家賃_num,徒歩分_num,駅名
ミーティア皆春,大分県大分市大字皆春皆春,鶴崎駅,ＪＲ日豊本線/鶴崎駅 歩14分,築3年,3階,1LDK,41.85m2,6.2万円,https://suumo.jp/chintai/jnc_000099609246/?bc=100444885901,3,41.85,6.2,14,鶴崎駅
Ｔａｓｋ　III,大分県大分市上宗方南１,賀来駅,ＪＲ久大本線/賀来駅 バス15分 (バス停)椿ヶ丘団地入口 歩1分,築5年,2階,1K,32.23m2,5.1万円,https://suumo.jp/chintai/jnc_000099546248/?bc=100444733184,5,32.23,5.1,1,賀来駅
高城マナ－ハウス,大分県大分市高城西町,高城駅,ＪＲ日豊本線/高城駅 歩3分,築26年,6階,1K,25m2,4万円,https://suumo.jp/chintai/jnc_000099215299/?bc=100442367888,26,25.0,4.0,3,高城駅
リファレンス城崎,大分県大分市城崎町１,大分駅,"ＪＲ日豊本線/大分駅 歩19分
ＪＲ久大本線/古国府駅 歩36分
ＪＲ日豊本線/牧駅 歩33分",築35年,14階,2LDK,72m2,9.6万円,https://suumo.jp/chintai/jnc_000095578031/?bc=100438632371,35,72.0,9.6,19,大分駅
Park Avenue EAST,大分県大分市東大道２,大分駅,"ＪＲ日豊本線/大分駅 歩7分
ＪＲ久大本線/古国府駅 歩20分
ＪＲ久大本線/南大分駅 歩34分",築4年,14階,ワンルーム,35.03m2,7.4万円,https://suumo.jp/chintai/jnc_000069223835/?bc=100425097009,4,35.03,7.4,7,大分駅
リベラＥＳＴ,大分県大分市東鶴崎１,鶴崎駅,ＪＲ日豊本線/鶴崎駅 歩14分,築25年,2階,3LDK,65m2,4.5万円,https://suumo.jp/chintai/jnc_000083989920/?bc=100444699467,25,65.0,4.5,14,鶴崎駅
グリーンパークＣ,大分県大分市横塚２,大在駅,"ＪＲ日豊本線/大在駅 歩17分
ＪＲ日豊本線/坂ノ市駅 歩20分",築18年,2階,2LDK,54.85m2,4.7万円,https://suumo.jp/chintai/jnc_000099309048/?bc=100443675253,18,54.85,4.7,17,大在駅
チョコレート　コート,大分県大分市大在北４,大在駅,"ＪＲ日豊本線/大在駅 歩20分
ＪＲ日豊本線/鶴崎駅 バス8分 (バス停)北公園前 歩9分
ＪＲ日豊本線/坂ノ市駅 バス11分 (バス停)北公園前 歩9分",築17年,2階,1LDK,46.49m2,4.7万円,https://suumo.jp/chintai/jnc_000097543834/?bc=100437312035,17,46.49,4.7,20,大在駅
ジュネス　ヴィラ　Ｔ,大分県大分市南太平寺３,古国府駅,"ＪＲ久大本線/古国府駅 歩13分
ＪＲ久大本線/南大分駅 歩22分",築9年,2階,1LDK,32.44m2,4.9万円,https://suumo.jp/chintai/jnc_000099309050/?bc=100443357293,9,32.44,4.9,13,古国府駅
グレイス　ヴィラII,大分県大分市大在北３,,大分バス/久保 歩10分,築17年,2階,2LDK,57.33m2,5.6万円,https://suumo.jp/chintai/jnc_000096419966/?bc=100407735539,17,57.33,5.6,10,
サクラ　リア,大分県大分市三川上１,鶴崎駅,ＪＲ日豊本線/鶴崎駅 歩18分,築9年,2階,1LDK,40.09m2,4.9万円,https://suumo.jp/chintai/jnc_000099485876/?bc=100397433136,9,40.09,4.9,18,鶴崎駅
グレイスフル蔵Ｂ,大分県大分市大在浜１,大在駅,ＪＲ日豊本線/大在駅 歩9分,築15年,2階,1LDK,45.72m2,4.95万円,https://suumo.jp/chintai/jnc_000099523592/?bc=100444699461,15,45.72,4.95,9,大在駅
オーブ,大分県大分市大字津留,牧駅,ＪＲ日豊本線/牧駅 歩15分,築14年,2階,1LDK,42.8m2,5.15万円,https://suumo.jp/chintai/jnc_000099361098/?bc=100443557384,14,42.8,5.15,15,牧駅
ユニヴァリィ　イノバル,大分県大分市大字猪野,,大分バス/猪野下 歩4分,築14年,2階,2LDK,58.51m2,5.6万円,https://suumo.jp/chintai/jnc_000099475714/?bc=100444156102,14,58.51,5.6,4,
リバーサイド百笑　I,大分県大分市大字里,坂ノ市駅,ＪＲ日豊本線/坂ノ市駅 歩27分,築6年,2階,2LDK,61.3m2,5.45万円,https://suumo.jp/chintai/jnc_000099495037/?bc=100444255180,6,61.3,5.45,27,坂ノ市駅
シャーメゾン王ノ瀬　Ａ棟,大分県大分市王ノ瀬１,坂ノ市駅,ＪＲ日豊本線/坂ノ市駅 歩18分,築26年,2階,3DK,54.34m2,4.8万円,https://suumo.jp/chintai/jnc_000098267728/?bc=100434429394,26,54.34,4.8,18,坂ノ市駅
プロスペリタ,大分県大分市大字下徳丸,鶴崎駅,"ＪＲ日豊本線/鶴崎駅 歩56分
ＪＲ日豊本線/大在駅 歩82分
ＪＲ日豊本線/高城駅 歩78分",築11年,2階,1LDK,44.95m2,4.8万円,https://suumo.jp/chintai/jnc_000016202523/?bc=100436585037,11,44.95,4.8,56,鶴崎駅
シャーメゾン・ハクサン　Ｂ棟,大分県大分市大字坂ノ市,坂ノ市駅,"ＪＲ日豊本線/坂ノ市駅 歩17分
大分バス/坂ノ市 歩2分",築20年,2階,2LDK,57.81m2,5.6万円,https://suumo.jp/chintai/jnc_000098453688/?bc=100445001295,20,57.81,5.6,17,坂ノ市駅
ＣＯＲＩＮ大在,大分県大分市横田２,大在駅,ＪＲ日豊本線/大在駅 歩18分,築16年,7階,2LDK,58.03m2,6万円,https://suumo.jp/chintai/jnc_000082221926/?bc=100432345708,16,58.03,6.0,18,大在駅
アルメール,大分県大分市志村１,鶴崎駅,ＪＲ日豊本線/鶴崎駅 歩22分,築13年,2階,1LDK,45.07m2,4.95万円,https://suumo.jp/chintai/jnc_000098973144/?bc=100443059646,13,45.07,4.95,22,鶴崎駅
サンリバー,大分県大分市高松東３,高城駅,ＪＲ日豊本線/高城駅 歩13分,築6年,2階,1LDK,43.21m2,5.5万円,https://suumo.jp/chintai/jnc_000082152040/?bc=100444177552,6,43.21,5.5,13,高城駅
ベル　ブローテ,大分県大分市新栄町,高城駅,"ＪＲ日豊本線/高城駅 歩11分
ＪＲ日豊本線/牧駅 歩20分
ＪＲ日豊本線/大分駅 バス17分 (バス停)新貝 歩3分",築3年,5階,1LDK,41.6m2,5.5万円,https://suumo.jp/chintai/jnc_000099593614/?bc=100444962916,3,41.6,5.5,11,高城駅
カナージュ　１０,大分県大分市古国府５,古国府駅,ＪＲ久大本線/古国府駅 歩12分,築13年,3階,1SK,31.65m2,4.8万円,https://suumo.jp/chintai/jnc_000099292307/?bc=100436507846,13,31.65,4.8,12,古国府駅
クオーレ津守,大分県大分市大字津守,滝尾駅,ＪＲ豊肥本線/滝尾駅 歩10分,築7年,4階,1LDK,41.6m2,5.4万円,https://suumo.jp/chintai/jnc_000099173923/?bc=100442808954,7,41.6,5.4,10,滝尾駅
ホワイトライト,大分県大分市大字下郡,牧駅,"ＪＲ日豊本線/牧駅 歩10分
ＪＲ日豊本線/高城駅 歩32分
ＪＲ日豊本線/大分駅 歩34分",築11年,8階,1DK,30.03m2,4.5万円,https://suumo.jp/chintai/jnc_000097823295/?bc=100431802639,11,30.03,4.5,10,牧駅
クオーレ日岡,大分県大分市日岡２,高城駅,ＪＲ日豊本線/高城駅 歩15分,築4年,5階,1LDK,41.6m2,5.7万円,https://suumo.jp/chintai/jnc_000099369640/?bc=100444305829,4,41.6,5.7,15,高城駅
ペパーミント,大分県大分市大字三芳,大分駅,"ＪＲ日豊本線/大分駅 歩17分
ＪＲ久大本線/古国府駅 歩25分
ＪＲ久大本線/南大分駅 歩31分",築10年,6階,1DK,30.36m2,4.8万円,https://suumo.jp/chintai/jnc_000097114388/?bc=100426439944,10,30.36,4.8,17,大分駅
G　PLACE　南津留,大分県大分市南津留,牧駅,"ＪＲ日豊本線/牧駅 歩17分
ＪＲ日豊本線/大分駅 歩32分
ＪＲ日豊本線/高城駅 歩39分",築7年,4階,1LDK,41.6m2,5.5万円,https://suumo.jp/chintai/jnc_000099222706/?bc=100442450892,7,41.6,5.5,17,牧駅
カ－サグレイスＢ,大分県大分市大字中戸次,中判田駅,ＪＲ豊肥本線/中判田駅 歩24分,築21年,2階,2LDK,50.14m2,4.7万円,https://suumo.jp/chintai/jnc_000099495039/?bc=100444699521,21,50.14,4.7,24,中判田駅
ＪＲ久大本線 賀来駅 8階建 築6年,大分県大分市賀来北１,賀来駅,"ＪＲ久大本線/賀来駅 歩12分
ＪＲ久大本線/南大分駅 歩20分",築6年,8階,1DK,30.69m2,4.8万円,https://suumo.jp/chintai/jnc_000099599990/?bc=100444866461,6,30.69,4.8,12,賀来駅
ＪＲ豊肥本線 滝尾駅 2階建 築25年,大分県大分市大字曲,滝尾駅,"ＪＲ豊肥本線/滝尾駅 歩20分
大分バス/曲 歩3分",築25年,2階,3DK,54.81m2,5.2万円,https://suumo.jp/chintai/jnc_000099628823/?bc=100445045048,25,54.81,5.2,20,滝尾駅
ディアスＨＩＲＯ　V,大分県大分市大字曲,滝尾駅,"ＪＲ豊肥本線/滝尾駅 歩20分
ＪＲ豊肥本線/敷戸駅 歩20分
ＪＲ日豊本線/大分駅 バス15分 (バス停)光吉入口 歩10分",築25年,2階,2LDK,54.81m2,5.2万円,https://suumo.jp/chintai/jnc_000094667760/?bc=100407971691,25,54.81,5.2,20,滝尾駅
プランドールＡ,大分県大分市大在北２,大在駅,ＪＲ日豊本線/大在駅 歩15分,築19年,2階,1LDK,46.49m2,4.75万円,https://suumo.jp/chintai/jnc_000099284726/?bc=100443918084,19,46.49,4.75,15,大在駅
ユーミーなでしこ,大分県大分市政所２,大在駅,"ＪＲ日豊本線/大在駅 歩12分
ＪＲ日豊本線/坂ノ市駅 歩39分
ＪＲ日豊本線/鶴崎駅 歩58分",築12年,3階,2LDK,56.85m2,6.5万円,https://suumo.jp/chintai/jnc_000099331527/?bc=100439747350,12,56.85,6.5,12,大在駅
ホームズ　コンフォールI,大分県大分市大字鶴崎,鶴崎駅,"ＪＲ日豊本線/鶴崎駅 歩6分
ＪＲ日豊本線/大在駅 バス11分 (バス停)鶴崎駅前 歩7分
ＪＲ日豊本線/大分駅 バス26分 (バス停)鶴崎駅前 歩7分",築11年,3階,1K,31.65m2,4.5万円,https://suumo.jp/chintai/jnc_000096268540/?bc=100434350551,11,31.65,4.5,6,鶴崎駅
ブレーメン　リーベ　II,大分県大分市三川上２,高城駅,"ＪＲ日豊本線/高城駅 歩22分
ＪＲ日豊本線/鶴崎駅 バス5分 (バス停)千才下 歩8分
ＪＲ日豊本線/牧駅 バス15分 (バス停)千才下 歩8分",築11年,2階,2DK,45.82m2,5.2万円,https://suumo.jp/chintai/jnc_000096855346/?bc=100424661732,11,45.82,5.2,22,高城駅
フローレンス桃園,大分県大分市山津町１,高城駅,"ＪＲ日豊本線/高城駅 歩13分
ＪＲ日豊本線/牧駅 バス10分 (バス停)真光寺 歩4分
ＪＲ日豊本線/大分駅 バス26分 (バス停)真光寺 歩4分",築19年,2階,1LDK,42.8m2,4.7万円,https://suumo.jp/chintai/jnc_000099298349/?bc=100443358522,19,42.8,4.7,13,高城駅
パルジュ鶴崎,大分県大分市三佐４,鶴崎駅,ＪＲ日豊本線/鶴崎駅 歩15分,築20年,4階,2LDK,56.7m2,5.7万円,https://suumo.jp/chintai/jnc_000069847818/?bc=100444135302,20,56.7,5.7,15,鶴崎駅
メゾンコナカ　Ｂ棟,大分県大分市大字毛井,,大分バス/片嶺 歩5分,築19年,2階,2LDK,57.81m2,5.9万円,https://suumo.jp/chintai/jnc_000098050833/?bc=100439848486,19,57.81,5.9,5,
Ｍ・ジュールマンション,大分県大分市大字中戸次,中判田駅,"ＪＲ豊肥本線/中判田駅 歩30分
ＪＲ豊肥本線/大分大学前駅 バス11分 (バス停)戸次 歩3分
ＪＲ日豊本線/大分駅 バス35分 (バス停)戸次 歩3分",築16年,3階,3DK,60.97m2,5.8万円,https://suumo.jp/chintai/jnc_000095456438/?bc=100375081186,16,60.97,5.8,30,中判田駅
エトワール,大分県大分市大字奥田南太平寺,南大分駅,"ＪＲ久大本線/南大分駅 歩15分
ＪＲ久大本線/古国府駅 歩17分
ＪＲ久大本線/大分駅 歩30分",築20年,3階,2LDK,56.44m2,6.2万円,https://suumo.jp/chintai/jnc_000099619936/?bc=100444983279,20,56.44,6.2,15,南大分駅
フープ・スター,大分県大分市畑中１,南大分駅,"ＪＲ久大本線/南大分駅 歩27分
ＪＲ久大本線/古国府駅 歩33分
ＪＲ豊肥本線/滝尾駅 歩38分",築7年,2階,1LDK,38.25m2,5.4万円,https://suumo.jp/chintai/jnc_000099350370/?bc=100443578393,7,38.25,5.4,27,南大分駅
アクティブガーデンＡ,大分県大分市汐見２,坂ノ市駅,ＪＲ日豊本線/坂ノ市駅 歩22分,築18年,2階,1LDK,46.49m2,4.45万円,https://suumo.jp/chintai/jnc_000099298353/?bc=100443358773,18,46.49,4.45,22,坂ノ市駅
ＡＢＢＥＹ　ＲＯＡＤ,大分県大分市花高松３,高城駅,"ＪＲ日豊本線/高城駅 歩20分
ＪＲ日豊本線/鶴崎駅 歩44分
ＪＲ日豊本線/牧駅 歩41分",築15年,3階,2LDK,55.2m2,6.4万円,https://suumo.jp/chintai/jnc_000033003362/?bc=100443736998,15,55.2,6.4,20,高城駅
ディアス城原　B,大分県大分市大字城原,大在駅,"ＪＲ日豊本線/大在駅 歩13分
ＪＲ日豊本線/坂ノ市駅 歩33分",築28年,2階,2LDK,53.14m2,4.2万円,https://suumo.jp/chintai/jnc_000099321729/?bc=100443689353,28,53.14,4.2,13,大在駅
Ｙｏｕ　Ｍｅ　ＬｉｆｅII,大分県大分市大字津守,滝尾駅,"ＪＲ豊肥本線/滝尾駅 歩13分
ＪＲ久大本線/古国府駅 歩22分
ＪＲ日豊本線/大分駅 バス23分 (バス停)大分自動車学校入口 歩2分",築4年,5階,1LDK,41.06m2,6万円,https://suumo.jp/chintai/jnc_000099038562/?bc=100441113294,4,41.06,6.0,13,滝尾駅
セレ－ネ３１０　Ｂ,大分県大分市大字羽田,滝尾駅,"ＪＲ豊肥本線/滝尾駅 歩16分
ＪＲ久大本線/古国府駅 歩34分
ＪＲ日豊本線/牧駅 歩37分",築26年,2階,2DK,46.06m2,4.4万円,https://suumo.jp/chintai/jnc_000045070523/?bc=100421357867,26,46.06,4.4,16,滝尾駅
ディアス三川　Ａ棟,大分県大分市三川上１,鶴崎駅,"大分バス/乙津港町 歩8分
ＪＲ日豊本線/鶴崎駅 歩22分
ＪＲ日豊本線/高城駅 歩18分",築29年,2階,2LDK,50.9m2,5.1万円,https://suumo.jp/chintai/jnc_000099516836/?bc=100443689304,29,50.9,5.1,8,鶴崎駅
ｖｉｌｌａ　ｃｏｒｔｉｌｅ,大分県大分市大字津守,滝尾駅,ＪＲ豊肥本線/滝尾駅 歩12分,築25年,2階,2DK,43.99m2,4.4万円,https://suumo.jp/chintai/jnc_000096506090/?bc=100422227384,25,43.99,4.4,12,滝尾駅
マッセル大在,大分県大分市大在浜１,大在駅,"ＪＲ日豊本線/大在駅 歩9分
ＪＲ日豊本線/鶴崎駅 バス14分 (バス停)平野 歩3分
ＪＲ日豊本線/大分駅 バス38分 (バス停)平野 歩3分",築4年,3階,1LDK,44.63m2,5.85万円,https://suumo.jp/chintai/jnc_000099264463/?bc=100442957281,4,44.63,5.85,9,大在駅
リヴィエール,大分県大分市三川下３,鶴崎駅,"ＪＲ日豊本線/鶴崎駅 歩28分
ＪＲ日豊本線/高城駅 歩25分
ＪＲ日豊本線/牧駅 歩46分",築21年,2階,2LDK,57.81m2,5.7万円,https://suumo.jp/chintai/jnc_000099276126/?bc=100397994758,21,57.81,5.7,28,鶴崎駅
イル　ソーレ,大分県大分市政所１,大在駅,"ＪＲ日豊本線/大在駅 歩8分
ＪＲ日豊本線/鶴崎駅 歩53分",築5年,3階,1LDK,41.53m2,5.8万円,https://suumo.jp/chintai/jnc_000099502737/?bc=100444345119,5,41.53,5.8,8,大在駅
グラービアM V,大分県大分市原新町,高城駅,"ＪＲ日豊本線/高城駅 歩12分
ＪＲ日豊本線/牧駅 歩30分",築3年,2階,1K,35m2,4.95万円,https://suumo.jp/chintai/jnc_000099292295/?bc=100427763308,3,35.0,4.95,12,高城駅
タウンコートＢ,大分県大分市竹下１,大在駅,"ＪＲ日豊本線/大在駅 歩10分
ＪＲ日豊本線/坂ノ市駅 歩36分",築31年,2階,2LDK,54.34m2,5万円,https://suumo.jp/chintai/jnc_000099350369/?bc=100444307473,31,54.34,5.0,10,大在駅
メルベーユ,大分県大分市三佐２,鶴崎駅,"ＪＲ日豊本線/鶴崎駅 歩18分
大分バス/海原橋東　徒歩７分、　日豊本線 歩7分",築31年,2階,3LDK,61.4m2,5.9万円,https://suumo.jp/chintai/jnc_000098899567/?bc=100441805331,31,61.4,5.9,18,鶴崎駅
ブリッサ恵比寿,大分県大分市恵比寿町,坂ノ市駅,ＪＲ日豊本線/坂ノ市駅 歩6分,築14年,2階,2DK,45.39m2,4.35万円,https://suumo.jp/chintai/jnc_000099215302/?bc=100444085091,14,45.39,4.35,6,坂ノ市駅
プラスパ高畑B,大分県大分市大字皆春,鶴崎駅,"ＪＲ日豊本線/鶴崎駅 歩16分
ＪＲ日豊本線/高城駅 歩39分
ＪＲ日豊本線/大在駅 歩58分",築25年,2階,2LDK,54.29m2,5.8万円,https://suumo.jp/chintai/jnc_000098899564/?bc=100441031841,25,54.29,5.8,16,鶴崎駅
ミーティア皆春,大分県大分市大字皆春,鶴崎駅,ＪＲ日豊本線/鶴崎駅 歩14分,築3年,3階,1LDK,41.85m2,6.2万円,https://suumo.jp/chintai/jnc_000099619959/?bc=100445045012,3,41.85,6.2,14,鶴崎駅
Prosperita片島ｂase,大分県大分市大字片島,滝尾駅,"ＪＲ豊肥本線/滝尾駅 歩17分
ＪＲ久大本線/古国府駅 歩33分
ＪＲ日豊本線/牧駅 歩35分",新築,2階,1LDK,50.88m2,6.6万円,https://suumo.jp/chintai/jnc_000097221507/?bc=100444934180,0,50.88,6.6,17,滝尾駅
オレンジＤＡＹＳ　Ｄ,大分県大分市大字中戸次,中判田駅,ＪＲ豊肥本線/中判田駅 バス7分 (バス停)前田 歩7分,築12年,2階,2LDK,57.07m2,5.65万円,https://suumo.jp/chintai/jnc_000099546247/?bc=100444639481,12,57.07,5.65,7,中判田駅
アン・シャトウII,大分県大分市須賀２,大在駅,ＪＲ日豊本線/大在駅 歩30分,築5年,3階,1LDK,44.32m2,6万円,https://suumo.jp/chintai/jnc_000079525614/?bc=100443411701,5,44.32,6.0,30,大在駅
ヴィラマルベリー　E棟,大分県大分市三川上１,鶴崎駅,"ＪＲ日豊本線/鶴崎駅 歩20分
ＪＲ日豊本線/高城駅 歩27分
ＪＲ日豊本線/牧駅 歩48分",築32年,2階,2LDK,54.81m2,5.2万円,https://suumo.jp/chintai/jnc_000099205632/?bc=100443511934,32,54.81,5.2,20,鶴崎駅
ユーミーマンションバウムI号館,大分県大分市大字上宗方,南大分駅,ＪＲ久大本線/南大分駅 歩22分,築14年,3階,1LDK,43.74m2,5.5万円,https://suumo.jp/chintai/jnc_000055690784/?bc=100431523273,14,43.74,5.5,22,南大分駅
シャーメゾン豊府,大分県大分市大字羽屋,古国府駅,ＪＲ久大本線/古国府駅 歩17分,築16年,2階,1LDK,46.07m2,6万円,https://suumo.jp/chintai/jnc_000088991743/?bc=100442653023,16,46.07,6.0,17,古国府駅
ＪＲ久大本線 古国府駅 2階建 築16年,大分県大分市大字羽屋,古国府駅,"ＪＲ久大本線/古国府駅 歩16分
ＪＲ久大本線/南大分駅 歩24分
大分バス/羽屋新町 歩9分",築16年,2階,1LDK,46.07m2,6万円,https://suumo.jp/chintai/jnc_000099628821/?bc=100445045064,16,46.07,6.0,16,古国府駅
アリビオ,大分県大分市寺崎町１,高城駅,ＪＲ日豊本線/高城駅 歩10分,築10年,2階,1K,32.94m2,4.7万円,https://suumo.jp/chintai/jnc_000099546246/?bc=100444599851,10,32.94,4.7,10,高城駅
ＭＯＡＮＡ高城,大分県大分市日吉町,高城駅,"ＪＲ日豊本線/高城駅 歩6分
ＪＲ日豊本線/牧駅 歩26分",築5年,5階,1LDK,41m2,5.9万円,https://suumo.jp/chintai/jnc_000099615592/?bc=100445001024,5,41.0,5.9,6,高城駅
パークレジデンス荏隈,大分県大分市荏隈町１,南大分駅,ＪＲ久大本線/南大分駅 歩4分,築11年,2階,2LDK,56.87m2,6.6万円,https://suumo.jp/chintai/jnc_000099350373/?bc=100443793392,11,56.87,6.6,4,南大分駅
ＪＲ久大本線 南大分駅 2階建 築11年,大分県大分市荏隈町１,南大分駅,ＪＲ久大本線/南大分駅 歩4分,築11年,2階,2LDK,56.87m2,6.6万円,https://suumo.jp/chintai/jnc_000099460845/?bc=100444067599,11,56.87,6.6,4,南大分駅
リザイア　2,大分県大分市日岡２,高城駅,"ＪＲ日豊本線/高城駅 歩15分
ＪＲ日豊本線/牧駅 歩37分
ＪＲ日豊本線/鶴崎駅 歩43分",築19年,2階,2LDK,55.45m2,6.5万円,https://suumo.jp/chintai/jnc_000099619955/?bc=100442824955,19,55.45,6.5,15,高城駅
フォレストヴィラ　2,大分県大分市大字横尾,高城駅,"ＪＲ日豊本線/高城駅 歩52分
ＪＲ日豊本線/牧駅 歩61分
ＪＲ豊肥本線/滝尾駅 歩64分",築18年,2階,2DK,45.26m2,5.5万円,https://suumo.jp/chintai/jnc_000057419702/?bc=100443302150,18,45.26,5.5,52,高城駅
ラ　シャンスKanaike,大分県大分市金池町４,大分駅,"ＪＲ日豊本線/大分駅 歩16分
ＪＲ久大本線/古国府駅 歩28分
ＪＲ日豊本線/牧駅 歩32分",築9年,8階,1DK,29.51m2,5.2万円,https://suumo.jp/chintai/jnc_000098553950/?bc=100439018515,9,29.51,5.2,16,大分駅
ＪＲ日豊本線 大分駅 6階建 築10年,大分県大分市大字三芳,大分駅,ＪＲ日豊本線/大分駅 歩18分,築10年,6階,1DK,30.03m2,4.8万円,https://suumo.jp/chintai/jnc_000097114390/?bc=100426418662,10,30.03,4.8,18,大分駅
プランティーユ・住吉,大分県大分市住吉町２,大分駅,"ＪＲ日豊本線/大分駅 歩19分
ＪＲ日豊本線/西大分駅 バス5分 (バス停)浜町 歩5分",築17年,3階,1DK,32.13m2,5万円,https://suumo.jp/chintai/jnc_000099609239/?bc=100422983868,17,32.13,5.0,19,大分駅
ＢＯＸ－Ｍ　ＥＡＳＴ,大分県大分市畑中４,南大分駅,"ＪＲ久大本線/南大分駅 歩22分
ＪＲ日豊本線/大分駅 バス16分 (バス停)県立病院西口 歩9分",築2年,2階,1LDK,41m2,5.6万円,https://suumo.jp/chintai/jnc_000097965003/?bc=100433339345,2,41.0,5.6,22,南大分駅
ヴィータセレーナ金池,大分県大分市金池町３,大分駅,ＪＲ日豊本線/大分駅 歩12分,築7年,10階,1LDK,31.7m2,6.3万円,https://suumo.jp/chintai/jnc_000099619938/?bc=100445000084,7,31.7,6.3,12,大分駅
パークハイツ野上C,大分県大分市三佐１,鶴崎駅,"ＪＲ日豊本線/鶴崎駅 歩22分
ＪＲ日豊本線/高城駅 歩35分
ＪＲ日豊本線/大在駅 歩63分",築33年,2階,2LDK,54.81m2,5万円,https://suumo.jp/chintai/jnc_000097347103/?bc=100436674296,33,54.81,5.0,22,鶴崎駅
カサグランデM,大分県大分市大字羽田,滝尾駅,"ＪＲ豊肥本線/滝尾駅 歩18分
ＪＲ久大本線/古国府駅 歩36分
ＪＲ日豊本線/牧駅 歩36分",築28年,2階,2DK,46.25m2,4.95万円,https://suumo.jp/chintai/jnc_000099173935/?bc=100416675965,28,46.25,4.95,18,滝尾駅
フィオーレ・Ｋ,大分県大分市花津留１,牧駅,ＪＲ日豊本線/牧駅 歩16分,築23年,2階,2LDK,58.12m2,5.9万円,https://suumo.jp/chintai/jnc_000099507567/?bc=100444352872,23,58.12,5.9,16,牧駅
クレール片島５番館,大分県大分市大字片島,滝尾駅,ＪＲ豊肥本線/滝尾駅 歩12分,築13年,3階,1K,31.65m2,4.6万円,https://suumo.jp/chintai/jnc_000099546245/?bc=100444639616,13,31.65,4.6,12,滝尾駅
ジュネス高城,大分県大分市大字千歳,高城駅,"ＪＲ日豊本線/高城駅 歩11分
ＪＲ日豊本線/牧駅 歩27分
大分バス/大分高専 歩10分",築27年,2階,1LDK,35.51m2,4.6万円,https://suumo.jp/chintai/jnc_000099537574/?bc=100444732055,27,35.51,4.6,11,高城駅
タウンコート　Ａ棟,大分県大分市竹下１,大在駅,"大分バス/平野 歩5分
ＪＲ日豊本線/大在駅 歩8分",築31年,2階,2LDK,54.34m2,5.3万円,https://suumo.jp/chintai/jnc_000082238941/?bc=100443689184,31,54.34,5.3,5,大在駅
ＪＲ日豊本線 大在駅 2階建 築31年,大分県大分市竹下１,大在駅,"ＪＲ日豊本線/大在駅 歩8分
大分バス/平野 歩5分",築31年,2階,2LDK,54.34m2,5.3万円,https://suumo.jp/chintai/jnc_000099397801/?bc=100445045068,31,54.34,5.3,8,大在駅
グレイスフル　道　Ｍ１,大分県大分市大在浜１,大在駅,ＪＲ日豊本線/大在駅 歩12分,新築,2階,2LDK,53.68m2,6.9万円,https://suumo.jp/chintai/jnc_000099593628/?bc=100444817092,0,53.68,6.9,12,大在駅
Ｍ’ｓスクエア,大分県大分市大字葛木,,-/葛木入口 歩3分,築23年,2階,2DK,46.65m2,5.1万円,https://suumo.jp/chintai/jnc_000099302584/?bc=100443840988,23,46.65,5.1,3,
フリーデ・カーサ,大分県大分市下郡北３,牧駅,"ＪＲ日豊本線/牧駅 歩20分
大分バス/下郡中央 歩5分",築16年,2階,1LDK,42.37m2,5.6万円,https://suumo.jp/chintai/jnc_000099390726/?bc=100444355271,16,42.37,5.6,20,牧駅
シャーメゾン見晴台　Ｃ棟,大分県大分市大字寒田,敷戸駅,ＪＲ豊肥本線/敷戸駅 歩22分,築12年,2階,2LDK,56.39m2,7万円,https://suumo.jp/chintai/jnc_000099302589/?bc=100443840997,12,56.39,7.0,22,敷戸駅
エルグレイス大手,大分県大分市大手町１,大分駅,ＪＲ日豊本線/大分駅 歩14分,築19年,5階,1K,29.2m2,4.8万円,https://suumo.jp/chintai/jnc_000043644423/?bc=100434107207,19,29.2,4.8,14,大分駅
リヴァ－ジュ寒田,大分県大分市大字寒田,敷戸駅,ＪＲ豊肥本線/敷戸駅 歩15分,築28年,3階,2LDK,56.7m2,5.9万円,https://suumo.jp/chintai/jnc_000054434306/?bc=100445000115,28,56.7,5.9,15,敷戸駅
Ｌｅ　ｖｅｎｔ　ｖｅｒｔ,大分県大分市南太平寺２,南大分駅,"ＪＲ久大本線/南大分駅 歩14分
ＪＲ久大本線/古国府駅 歩17分
ＪＲ日豊本線/大分駅 歩28分",築7年,8階,1DK,30.02m2,5.2万円,https://suumo.jp/chintai/jnc_000099381381/?bc=100443733843,7,30.02,5.2,14,南大分駅
デュープレックス小池原Ｃ,大分県大分市大字小池原,高城駅,ＪＲ日豊本線/高城駅 バス4分 (バス停)小池原 歩21分,築36年,2階,3DK,54.81m2,5.15万円,https://suumo.jp/chintai/jnc_000076215864/?bc=100444731808,36,54.81,5.15,21,高城駅
ＪＲ日豊本線 高城駅 2階建 築35年,大分県大分市大字小池原,高城駅,"ＪＲ日豊本線/高城駅 歩16分
大分バス/小池原 歩4分",築35年,2階,3DK,54.81m2,5.15万円,https://suumo.jp/chintai/jnc_000099628802/?bc=100445045036,35,54.81,5.15,16,高城駅
モスティサークII,大分県大分市畑中３,南大分駅,"ＪＲ久大本線/南大分駅 歩20分
ＪＲ日豊本線/大分駅 バス18分 (バス停)畑中 歩2分",築20年,2階,1LDK,45.13m2,5.6万円,https://suumo.jp/chintai/jnc_000099010563/?bc=100441297115,20,45.13,5.6,20,南大分駅
リバーパーク西大道Ｂ,大分県大分市西大道４,大分駅,ＪＲ日豊本線/大分駅 歩23分,築19年,2階,1LDK,42.37m2,5.6万円,https://suumo.jp/chintai/jnc_000095543086/?bc=100444085876,19,42.37,5.6,23,大分駅
ネオベルデ森町II,大分県大分市森町西２,鶴崎駅,ＪＲ日豊本線/鶴崎駅 歩27分,築27年,2階,2DK,40.23m2,4.5万円,https://suumo.jp/chintai/jnc_000073404123/?bc=100408300087,27,40.23,4.5,27,鶴崎駅
ａｔｒｅ鶴崎,大分県大分市東鶴崎１,鶴崎駅,ＪＲ日豊本線/鶴崎駅 歩13分,築4年,2階,ワンルーム,34.78m2,4.7万円,https://suumo.jp/chintai/jnc_000072365589/?bc=100444911993,4,34.78,4.7,13,鶴崎駅
ＳＥＩＫＯ　ＢＬＤ,大分県大分市大字宮崎,敷戸駅,"ＪＲ豊肥本線/敷戸駅 歩23分
ＪＲ豊肥本線/滝尾駅 歩26分
ＪＲ久大本線/古国府駅 歩37分",築4年,10階,1LDK,40.89m2,5.7万円,https://suumo.jp/chintai/jnc_000099467751/?bc=100444191767,4,40.89,5.7,23,敷戸駅
トレステーラ　プランドールV,大分県大分市賀来北１,賀来駅,"ＪＲ久大本線/賀来駅 歩10分
ＪＲ久大本線/南大分駅 歩22分
ＪＲ日豊本線/大分駅 バス14分 (バス停)賀来入口 歩9分",築6年,8階,1DK,30.69m2,4.8万円,https://suumo.jp/chintai/jnc_000091192176/?bc=100387465017,6,30.69,4.8,10,賀来駅
セントポーリア松ヶ丘,大分県大分市松が丘１,,大分バス/松ヶ丘中央 歩6分,築26年,2階,2LDK,54.81m2,5.9万円,https://suumo.jp/chintai/jnc_000093799538/?bc=100444876079,26,54.81,5.9,6,
プラシードはやし　I,大分県大分市六坊北町,大分駅,ＪＲ日豊本線/大分駅 歩19分,築8年,2階,1LDK,48.35m2,5.9万円,https://suumo.jp/chintai/jnc_000099578739/?bc=100444703244,8,48.35,5.9,19,大分駅
グラシア三川,大分県大分市三川下１,高城駅,ＪＲ日豊本線/高城駅 歩19分,築8年,3階,1K,26.4m2,4.5万円,https://suumo.jp/chintai/jnc_000099369641/?bc=100443577256,8,26.4,4.5,19,高城駅
ドリームガーデン,大分県大分市大字旦野原,大分大学前駅,"ＪＲ豊肥本線/大分大学前駅 歩5分
ＪＲ豊肥本線/敷戸駅 歩20分
ＪＲ豊肥本線/中判田駅 歩25分",築4年,2階,1K,28.98m2,4.8万円,https://suumo.jp/chintai/jnc_000096886068/?bc=100424914270,4,28.98,4.8,5,大分大学前駅
大分バス 森町下 2階建 築27年,大分県大分市森町西２,,大分バス/森町下 歩8分,築27年,2階,2DK,40.23m2,4.5万円,https://suumo.jp/chintai/jnc_000099628828/?bc=100445045051,27,40.23,4.5,8,
ＡＬＥＸ５,大分県大分市大字旦野原,大分大学前駅,"ＪＲ豊肥本線/大分大学前駅 歩5分
ＪＲ豊肥本線/敷戸駅 歩21分
ＪＲ豊肥本線/中判田駅 歩29分",築6年,2階,1K,26.27m2,4.6万円,https://suumo.jp/chintai/jnc_000099599987/?bc=100444876968,6,26.27,4.6,5,大分大学前駅
レオパレス鶴崎III,大分県大分市大字鶴崎,鶴崎駅,ＪＲ日豊本線/鶴崎駅 歩12分,築19年,2階,1K,22.35m2,4.9万円,https://suumo.jp/chintai/jnc_000099452989/?bc=100441233737,19,22.35,4.9,12,鶴崎駅
ハウシアＯＮＥ,大分県大分市大字田尻,敷戸駅,"ＪＲ豊肥本線/敷戸駅 歩31分
ＪＲ豊肥本線/大分大学前駅 歩45分
ＪＲ久大本線/南大分駅 歩53分",築18年,2階,3DK,61.87m2,6.3万円,https://suumo.jp/chintai/jnc_000099609243/?bc=100444904128,18,61.87,6.3,31,敷戸駅
アミコート,大分県大分市大字駄原,大分駅,"-/上春日町 歩1分
ＪＲ日豊本線/大分駅 歩22分",築12年,2階,1LDK,36m2,6万円,https://suumo.jp/chintai/jnc_000093469150/?bc=100444885918,12,36.0,6.0,1,大分駅
ドリームガーデン,大分県大分市大在浜２,大在駅,ＪＲ日豊本線/大在駅 歩16分,築12年,2階,2LDK,63.35m2,7.4万円,https://suumo.jp/chintai/jnc_000099264464/?bc=100443411700,12,63.35,7.4,16,大在駅
ディアスクレストＢ,大分県大分市王ノ瀬２,坂ノ市駅,"ＪＲ日豊本線/坂ノ市駅 歩18分
ＪＲ日豊本線/大在駅 バス7分 (バス停)横塚東 歩3分
ＪＲ日豊本線/大分駅 バス43分 (バス停)横塚東 歩3分",築28年,2階,2LDK,50.69m2,6万円,https://suumo.jp/chintai/jnc_000086051319/?bc=100437399468,28,50.69,6.0,18,坂ノ市駅
ＪＲ日豊本線 坂ノ市駅 2階建 築28年,大分県大分市王ノ瀬２,坂ノ市駅,"ＪＲ日豊本線/坂ノ市駅 歩17分
大分バス/横塚東 歩3分",築28年,2階,2LDK,50.69m2,6万円,https://suumo.jp/chintai/jnc_000098313884/?bc=100445045037,28,50.69,6.0,17,坂ノ市駅
ダイアンサスＫ・I,大分県大分市大字片島,滝尾駅,ＪＲ豊肥本線/滝尾駅 歩14分,築31年,2階,2LDK,54m2,5.9万円,https://suumo.jp/chintai/jnc_000098780728/?bc=100444137217,31,54.0,5.9,14,滝尾駅
メルベーユ葛木　Ｂ,大分県大分市大字葛木,,大分バス（株）/大分バス　勝負 歩4分,築33年,2階,2LDK,55.44m2,4.4万円,https://suumo.jp/chintai/jnc_000099264444/?bc=100442921467,33,55.44,4.4,4,
グレイスフル　道　Ｍ２,大分県大分市大在浜１,大在駅,ＪＲ日豊本線/大在駅 歩12分,新築,2階,1LDK,50.05m2,6.7万円,https://suumo.jp/chintai/jnc_000099593616/?bc=100444817101,0,50.05,6.7,12,大在駅
グレイスフル　道　Ｍ３,大分県大分市大在浜１,大在駅,ＪＲ日豊本線/大在駅 歩12分,新築,2階,1LDK,50.14m2,6.7万円,https://suumo.jp/chintai/jnc_000099593636/?bc=100444817099,0,50.14,6.7,12,大在駅
SーFORT大分大手町,大分県大分市大手町１,大分駅,"ＪＲ日豊本線/大分駅 歩12分
ＪＲ久大本線/古国府駅 歩29分
ＪＲ日豊本線/牧駅 歩36分",築9年,5階,ワンルーム,25.88m2,4.75万円,https://suumo.jp/chintai/jnc_000099237129/?bc=100427014802,9,25.88,4.75,12,大分駅
マリアナオ・Ｎ　II,大分県大分市大字関園,鶴崎駅,ＪＲ日豊本線/鶴崎駅 バス6分 (バス停)常行北 歩5分,築10年,2階,2LDK,56.68m2,5.7万円,https://suumo.jp/chintai/jnc_000099502722/?bc=100444606155,10,56.68,5.7,5,鶴崎駅
Attrese東浜,大分県大分市東浜１,牧駅,ＪＲ日豊本線/牧駅 歩21分,築9年,2階,2LDK,59.8m2,7.3万円,https://suumo.jp/chintai/jnc_000099599988/?bc=100444882274,9,59.8,7.3,21,牧駅
ＪＲ日豊本線 大分駅 2階建 築22年,大分県大分市六坊北町,大分駅,ＪＲ日豊本線/大分駅 歩12分,築22年,2階,1LDK,44.72m2,6万円,https://suumo.jp/chintai/jnc_000099397803/?bc=100445045038,22,44.72,6.0,12,大分駅
ディアス後藤II,大分県大分市六坊北町,大分駅,"ＪＲ日豊本線/大分駅 歩14分
ＪＲ久大本線/古国府駅 歩21分
ＪＲ日豊本線/牧駅 バス15分 (バス停)大分駅前 歩14分",築22年,2階,1LDK,44.72m2,6万円,https://suumo.jp/chintai/jnc_000099193197/?bc=100442544482,22,44.72,6.0,14,大分駅
ユナイテッド新貝,大分県大分市新貝,高城駅,ＪＲ日豊本線/高城駅 歩25分,築39年,3階,3K,46.55m2,4.8万円,https://suumo.jp/chintai/jnc_000099615591/?bc=100404878708,39,46.55,4.8,25,高城駅
野うさぎＧＡＲＤＥＮ,大分県大分市碩田町２,大分駅,ＪＲ久大本線/大分駅 歩28分,築23年,3階,3DK,53m2,6.1万円,https://suumo.jp/chintai/jnc_000099619952/?bc=100445000573,23,53.0,6.1,28,大分駅
グランシャリオ　Ｄ棟,大分県大分市下郡山の手,牧駅,ＪＲ日豊本線/牧駅 歩28分,築21年,2階,2LDK,53.28m2,6.3万円,https://suumo.jp/chintai/jnc_000099205638/?bc=100443840992,21,53.28,6.3,28,牧駅
プランドール汐見,大分県大分市汐見２,大在駅,"ＪＲ日豊本線/大在駅 歩22分
ＪＲ日豊本線/坂ノ市駅 歩26分
ＪＲ日豊本線/鶴崎駅 歩68分",築3年,3階,1LDK,42.63m2,6.1万円,https://suumo.jp/chintai/jnc_000099361106/?bc=100439477857,3,42.63,6.1,22,大在駅
モンペルジュ,大分県大分市大字下郡,牧駅,"ＪＲ日豊本線/牧駅 歩10分
大分バス（株）/大分バス　加納バス停 歩1分",築8年,3階,1LDK,44.62m2,6.7万円,https://suumo.jp/chintai/jnc_000084289541/?bc=100442725332,8,44.62,6.7,10,牧駅
プリシェールツカハラIII,大分県大分市大字下郡,牧駅,"ＪＲ日豊本線/牧駅 歩27分
ＪＲ日豊本線/大分駅 バス25分 (バス停)だいかく病院前 歩2分",築18年,2階,1LDK,42.59m2,6万円,https://suumo.jp/chintai/jnc_000099390711/?bc=100444067612,18,42.59,6.0,27,牧駅
ペアーレ葛木　Ｂ棟,大分県大分市大字葛木,鶴崎駅,ＪＲ日豊本線/鶴崎駅 歩47分,築27年,2階,2LDK,50.6m2,4.85万円,https://suumo.jp/chintai/jnc_000078603757/?bc=100440947583,27,50.6,4.85,47,鶴崎駅
ＪＲ日豊本線 高城駅 2階建 築27年,大分県大分市大字葛木,高城駅,"ＪＲ日豊本線/高城駅 歩49分
大分バス/殉教公園前 歩7分",築27年,2階,2LDK,50.6m2,4.85万円,https://suumo.jp/chintai/jnc_000099397772/?bc=100445045031,27,50.6,4.85,49,高城駅
ソラリア・コルテ,大分県大分市三ケ田町２,南大分駅,ＪＲ久大本線/南大分駅 歩10分,築38年,10階,2SLDK,50m2,4.5万円,https://suumo.jp/chintai/jnc_000063836594/?bc=100444637261,38,50.0,4.5,10,南大分駅
ボヌール羽屋Ｇ,大分県大分市羽屋３,古国府駅,"ＪＲ久大本線/古国府駅 歩19分
ＪＲ久大本線/南大分駅 歩25分
ＪＲ日豊本線/大分駅 バス13分 (バス停)稲葉 歩8分",築20年,2階,2LDK,54.81m2,6.95万円,https://suumo.jp/chintai/jnc_000099321736/?bc=100443843948,20,54.81,6.95,19,古国府駅
ニューホープ２１,大分県大分市萩原４,大分駅,"ＪＲ日豊本線/大分駅 歩19分
ＪＲ日豊本線/高城駅 歩19分
ＪＲ日豊本線/牧駅 歩19分",築27年,3階,2DK,47.61m2,4.55万円,https://suumo.jp/chintai/jnc_000099345150/?bc=100443895607,27,47.61,4.55,19,大分駅
ＪＲ日豊本線 高城駅 4階建 築7年,大分県大分市大字森,高城駅,ＪＲ日豊本線/高城駅 歩46分,築7年,4階,1LDK,41.6m2,5.4万円,https://suumo.jp/chintai/jnc_000099619961/?bc=100445000908,7,41.6,5.4,46,高城駅
ディアス豊府　Ｂ棟,大分県大分市羽屋３,古国府駅,"ＪＲ久大本線/古国府駅 歩16分
ＪＲ日豊本線/大分駅 バス10分 (バス停)羽屋新町 歩9分
ＪＲ豊肥本線/敷戸駅 バス11分 (バス停)羽屋新町 歩9分",築27年,2階,2LDK,54.81m2,6.5万円,https://suumo.jp/chintai/jnc_000099578745/?bc=100444963116,27,54.81,6.5,16,古国府駅
ディアス豊府　Ｂ棟,大分県大分市大字羽屋,古国府駅,"ＪＲ久大本線/古国府駅 歩16分
ＪＲ久大本線/南大分駅 歩24分
大分バス/羽屋新町 歩9分",築27年,2階,2LDK,54.81m2,6.5万円,https://suumo.jp/chintai/jnc_000099619954/?bc=100445000694,27,54.81,6.5,16,古国府駅
PREMILIFE政所　II棟,大分県大分市政所１,大在駅,ＪＲ日豊本線/大在駅 歩9分,築1年,3階,2LDK,53.77m2,7.8万円,https://suumo.jp/chintai/jnc_000093195933/?bc=100399631536,1,53.77,7.8,9,大在駅
プレジール安東,大分県大分市大字田尻,敷戸駅,"ＪＲ豊肥本線/敷戸駅 歩30分
ＪＲ豊肥本線/大分大学前駅 歩45分
ＪＲ久大本線/南大分駅 歩50分",築34年,2階,2LDK,54m2,5万円,https://suumo.jp/chintai/jnc_000093884292/?bc=100364209982,34,54.0,5.0,30,敷戸駅
ソレーユ森町　Ａ棟,大分県大分市大字森町,鶴崎駅,ＪＲ日豊本線/鶴崎駅 歩22分,築27年,2階,2LDK,53.16m2,5.6万円,https://suumo.jp/chintai/jnc_000043615056/?bc=100443792476,27,53.16,5.6,22,鶴崎駅
イマサモルゲン．II,大分県大分市中島東２,大分駅,ＪＲ日豊本線/大分駅 歩25分,築8年,11階,1DK,30.41m2,5万円,https://suumo.jp/chintai/jnc_000082389341/?bc=100439018853,8,30.41,5.0,25,大分駅
ワイズ・スクエア・津守,大分県大分市大字津守,滝尾駅,ＪＲ豊肥本線/滝尾駅 歩6分,新築,2階,1LDK,50.01m2,7.1万円,https://suumo.jp/chintai/jnc_000098398198/?bc=100436507856,0,50.01,7.1,6,滝尾駅
エミネンス高砂,大分県大分市高砂町,大分駅,"ＪＲ日豊本線/大分駅 歩13分
ＪＲ日豊本線/西大分駅 歩27分
ＪＲ久大本線/古国府駅 歩36分",築25年,8階,1K,25m2,4.5万円,https://suumo.jp/chintai/jnc_000097807053/?bc=100431650224,25,25.0,4.5,13,大分駅
プティ・シャンブル,大分県大分市大道町２,大分駅,ＪＲ日豊本線/大分駅 歩7分,築8年,4階,ワンルーム,27.35m2,5.1万円,https://suumo.jp/chintai/jnc_000032074174/?bc=100444256900,8,27.35,5.1,7,大分駅
レオパレス才賀,大分県大分市賀来西１,賀来駅,ＪＲ久大本線/賀来駅 歩13分,築19年,2階,1K,21.81m2,3.3万円,https://suumo.jp/chintai/jnc_000097253179/?bc=100365601542,19,21.81,3.3,13,賀来駅
アディーヒルズ,大分県大分市大字旦野原,大分大学前駅,"ＪＲ豊肥本線/大分大学前駅 歩6分
ＪＲ豊肥本線/敷戸駅 歩24分
ＪＲ豊肥本線/中判田駅 歩51分",築17年,3階,1K,28m2,4.1万円,https://suumo.jp/chintai/jnc_000097288507/?bc=100427641614,17,28.0,4.1,6,大分大学前駅
プランタン　ベルＢ,大分県大分市大字駄原,大分駅,ＪＲ日豊本線/大分駅 歩21分,築15年,2階,1K,32.9m2,4.5万円,https://suumo.jp/chintai/jnc_000099345141/?bc=100444325043,15,32.9,4.5,21,大分駅
ネオブリック,大分県大分市三川上４,高城駅,ＪＲ日豊本線/高城駅 歩19分,築23年,2階,1DK,32.33m2,4.25万円,https://suumo.jp/chintai/jnc_000098738857/?bc=100442011939,23,32.33,4.25,19,高城駅
カルム市原Ｃ,大分県大分市大字葛木,高城駅,ＪＲ日豊本線/高城駅 歩51分,築15年,2階,2DK,45.39m2,4.4万円,https://suumo.jp/chintai/jnc_000099593609/?bc=100393068627,15,45.39,4.4,51,高城駅
アラモアナ　Ｂ棟,大分県大分市新川町２,大分駅,ＪＲ日豊本線/大分駅 歩24分,築16年,2階,1LDK,41.28m2,6.5万円,https://suumo.jp/chintai/jnc_000098428908/?bc=100441953209,16,41.28,6.5,24,大分駅
大分バス 一本松ＯＡＢ前 2階建 築16年,大分県大分市新川町２,,大分バス/一本松ＯＡＢ前 歩3分,築16年,2階,1LDK,40.69m2,6.7万円,https://suumo.jp/chintai/jnc_000099628805/?bc=100445045072,16,40.69,6.7,3,
セントポーリア松ヶ丘,大分県大分市大字上宗方,南大分駅,"ＪＲ久大本線/南大分駅 歩32分
大分バス/松ヶ丘中央 歩6分",築27年,2階,2LDK,54.81m2,5.9万円,https://suumo.jp/chintai/jnc_000099587443/?bc=100444962911,27,54.81,5.9,32,南大分駅
レオパレスサザンウッド,大分県大分市賀来西１,賀来駅,ＪＲ久大本線/賀来駅 歩6分,築17年,2階,1K,23.61m2,4.1万円,https://suumo.jp/chintai/jnc_000099292303/?bc=100425802919,17,23.61,4.1,6,賀来駅
コンフォールコートＢ,大分県大分市浜中,坂ノ市駅,"ＪＲ日豊本線/坂ノ市駅 バス7分 (バス停)坂ノ市駅入口 歩7分
ＪＲ日豊本線/鶴崎駅 バス15分 (バス停)坂ノ市 歩12分",築23年,2階,2DK,42.77m2,3.65万円,https://suumo.jp/chintai/jnc_000099309047/?bc=100443358376,23,42.77,3.65,7,坂ノ市駅
セントラルコート大分駅前,大分県大分市金池町１,大分駅,ＪＲ日豊本線/大分駅 歩3分,築15年,10階,1K,26.42m2,5.5万円,https://suumo.jp/chintai/jnc_000099619937/?bc=100445000135,15,26.42,5.5,3,大分駅
プロニティ千,大分県大分市賀来南２,賀来駅,"ＪＲ久大本線/賀来駅 歩4分
ＪＲ日豊本線/大分駅 バス20分 (バス停)桑原上 歩5分",築21年,2階,1K,30.96m2,4.5万円,https://suumo.jp/chintai/jnc_000097788419/?bc=100435660380,21,30.96,4.5,4,賀来駅
ＪＲ日豊本線 高城駅 2階建 築33年,大分県大分市萩原３,高城駅,"ＪＲ日豊本線/高城駅 歩14分
ＪＲ日豊本線/牧駅 歩15分
大分バス/萩原 歩4分",築33年,2階,3DK,54.64m2,6.5万円,https://suumo.jp/chintai/jnc_000099628824/?bc=100445045029,33,54.64,6.5,14,高城駅
エレガント由布,大分県大分市賀来北１,賀来駅,"ＪＲ久大本線/賀来駅 歩12分
ＪＲ久大本線/南大分駅 歩20分
ＪＲ日豊本線/大分駅 バス18分 (バス停)桑原下 歩4分",築16年,2階,1K,25.25m2,3.9万円,https://suumo.jp/chintai/jnc_000099331529/?bc=100443675232,16,25.25,3.9,12,賀来駅
ラ・ルース若宮　Ａ,大分県大分市大字森,鶴崎駅,"ＪＲ日豊本線/鶴崎駅 バス10分 (バス停)森 歩4分
ＪＲ日豊本線/大分駅 バス32分 (バス停)森 歩4分",築14年,2階,2LDK,68.12m2,6.7万円,https://suumo.jp/chintai/jnc_000098899565/?bc=100443895588,14,68.12,6.7,4,鶴崎駅
ティファーノ西大道Ｂ,大分県大分市西大道１,大分駅,"ＪＲ日豊本線/大分駅 歩15分
ＪＲ日豊本線/西大分駅 歩28分
ＪＲ久大本線/南大分駅 バス6分 (バス停)大道４丁目 歩4分",築16年,2階,1LDK,47.61m2,7.4万円,https://suumo.jp/chintai/jnc_000099516842/?bc=100444732050,16,47.61,7.4,15,大分駅
ヴィヴレ萩原,大分県大分市萩原３,高城駅,"ＪＲ日豊本線/高城駅 歩14分
ＪＲ日豊本線/牧駅 歩15分",築33年,2階,2LDK,54.64m2,6.5万円,https://suumo.jp/chintai/jnc_000099302590/?bc=100443840990,33,54.64,6.5,14,高城駅
フローラ羽屋,大分県大分市上田町２,古国府駅,ＪＲ久大本線/古国府駅 歩25分,築13年,3階,ワンルーム,29.66m2,4.4万円,https://suumo.jp/chintai/jnc_000072284124/?bc=100445000113,13,29.66,4.4,25,古国府駅
ＪＲ久大本線 大分駅 2階建 築16年,大分県大分市西大道１,大分駅,"ＪＲ久大本線/大分駅 歩16分
大分バス/大道四丁目 歩4分",築16年,2階,1LDK,47.61m2,7.4万円,https://suumo.jp/chintai/jnc_000099628827/?bc=100445045044,16,47.61,7.4,16,大分駅
レオパレスＫ＆Ｋ,大分県大分市南太平寺３,古国府駅,ＪＲ久大本線/古国府駅 歩9分,築20年,2階,1K,22.35m2,3.7万円,https://suumo.jp/chintai/jnc_000082106856/?bc=100210468653,20,22.35,3.7,9,古国府駅
ＳＥＲＥＮＩＴＹ　ＲＥＳＴ,大分県大分市東原３,高城駅,ＪＲ日豊本線/高城駅 歩19分,築2年,2階,2LDK,57.55m2,7.9万円,https://suumo.jp/chintai/jnc_000099578731/?bc=100444703262,2,57.55,7.9,19,高城駅
ソシアコート荏隈,大分県大分市大字荏隈,南大分駅,"ＪＲ久大本線/南大分駅 歩9分
ＪＲ久大本線/賀来駅 歩27分
ＪＲ久大本線/古国府駅 歩38分",築26年,2階,1K,24.92m2,4.6万円,https://suumo.jp/chintai/jnc_000099350362/?bc=100444784845,26,24.92,4.6,9,南大分駅
コーポ越谷パートIII,大分県大分市古国府４,古国府駅,ＪＲ久大本線/古国府駅 歩2分,築37年,5階,1LDK,46.28m2,4.7万円,https://suumo.jp/chintai/jnc_000095644115/?bc=100392804885,37,46.28,4.7,2,古国府駅
ＢＬＤ．ＹＵＷＡ,大分県大分市大字木上,豊後国分駅,"ＪＲ久大本線/豊後国分駅 歩23分
ＪＲ久大本線/賀来駅 歩42分
ＪＲ久大本線/南大分駅 歩49分",築4年,6階,3LDK,44.12m2,9万円,https://suumo.jp/chintai/jnc_000099599985/?bc=100444876853,4,44.12,9.0,23,豊後国分駅
ＭＡＩＳＯＮ　ＯＨＭＩＣＨＩ,大分県大分市西大道２,大分駅,ＪＲ日豊本線/大分駅 歩18分,築23年,3階,1K,30.09m2,4.2万円,https://suumo.jp/chintai/jnc_000080958201/?bc=100443918081,23,30.09,4.2,18,大分駅
セントラルパーク横尾Ｂ,大分県大分市大字横尾,滝尾駅,"ＪＲ豊肥本線/滝尾駅 歩58分
ＪＲ日豊本線/大分駅 バス25分 (バス停)明野東口 歩4分",築25年,2階,2LDK,58.57m2,5.9万円,https://suumo.jp/chintai/jnc_000099578737/?bc=100444962947,25,58.57,5.9,58,滝尾駅
サンシティー富士,大分県大分市王子北町,西大分駅,"ＪＲ日豊本線/西大分駅 歩17分
ＪＲ日豊本線/大分駅 歩24分
ＪＲ久大本線/古国府駅 歩46分",築36年,3階,2DK,39.67m2,4.6万円,https://suumo.jp/chintai/jnc_000041408412/?bc=100443902407,36,39.67,4.6,17,西大分駅
ロイヤルヒルズ金池,大分県大分市金池町３,大分駅,"ＪＲ久大本線/大分駅 歩21分
ＪＲ久大本線/古国府駅 歩28分
ＪＲ日豊本線/牧駅 歩36分",築9年,8階,2LDK,45.1m2,8.3万円,https://suumo.jp/chintai/jnc_000085178187/?bc=100444934371,9,45.1,8.3,21,大分駅
ティアラA,大分県大分市大字関園,鶴崎駅,ＪＲ日豊本線/鶴崎駅 歩49分,新築,3階,1LDK,47.58m2,6.3万円,https://suumo.jp/chintai/jnc_000099619943/?bc=100444942989,0,47.58,6.3,49,鶴崎駅
セジュールコスモ2,大分県大分市西鶴崎２,鶴崎駅,"ＪＲ日豊本線/鶴崎駅 歩9分
ＪＲ日豊本線/高城駅 歩36分
ＪＲ日豊本線/大在駅 歩54分",築26年,2階,1K,26.71m2,4.4万円,https://suumo.jp/chintai/jnc_000099381375/?bc=100444541906,26,26.71,4.4,9,鶴崎駅
ＬＩＺ,大分県大分市新春日町２,大分駅,"ＪＲ日豊本線/大分駅 歩19分
ＪＲ日豊本線/西大分駅 歩24分
ＪＲ久大本線/古国府駅 歩35分",築19年,2階,2LDK,58.84m2,7.8万円,https://suumo.jp/chintai/jnc_000099173921/?bc=100444577583,19,58.84,7.8,19,大分駅
大野屋ビル,大分県大分市豊海５,大分駅,ＪＲ日豊本線/大分駅 歩46分,築42年,3階,3LDK,64.89m2,4.3万円,https://suumo.jp/chintai/jnc_000096904815/?bc=100444945294,42,64.89,4.3,46,大分駅
ティアラＢ,大分県大分市大字関園,鶴崎駅,ＪＲ日豊本線/鶴崎駅 歩49分,新築,2階,2LDK,61.98m2,8万円,https://suumo.jp/chintai/jnc_000099619949/?bc=100445045016,0,61.98,8.0,49,鶴崎駅
リファレンス中央町,大分県大分市中央町４,大分駅,"ＪＲ日豊本線/大分駅 歩9分
ＪＲ日豊本線/西大分駅 歩29分
ＪＲ久大本線/古国府駅 歩32分",築19年,15階,ワンルーム,24.75m2,4.2万円,https://suumo.jp/chintai/jnc_000099495038/?bc=100444297151,19,24.75,4.2,9,大分駅
ソファレ中島,大分県大分市牧２,牧駅,ＪＲ日豊本線/牧駅 歩5分,築37年,2階,2K,42.5m2,5万円,https://suumo.jp/chintai/jnc_000099619962/?bc=100445000109,37,42.5,5.0,5,牧駅
プレミアム・ラグ勢家,大分県大分市勢家町４,大分駅,ＪＲ日豊本線/大分駅 歩23分,築10年,9階,2LDK,49.98m2,8万円,https://suumo.jp/chintai/jnc_000061992208/?bc=100432115843,10,49.98,8.0,23,大分駅
トレステーラ下芹,大分県大分市大字市,豊後国分駅,ＪＲ久大本線/豊後国分駅 歩30分,築21年,5階,1K,30.15m2,4.2万円,https://suumo.jp/chintai/jnc_000051588005/?bc=100445001284,21,30.15,4.2,30,豊後国分駅
ＪＲ久大本線 豊後国分駅 5階建 築21年,大分県大分市大字市,豊後国分駅,ＪＲ久大本線/豊後国分駅 歩30分,築21年,5階,1K,30.15m2,4.2万円,https://suumo.jp/chintai/jnc_000099599980/?bc=100444866426,21,30.15,4.2,30,豊後国分駅
エスポワールシオン２１,大分県大分市下郡北２,牧駅,"ＪＲ日豊本線/牧駅 歩23分
ＪＲ豊肥本線/滝尾駅 歩30分
ＪＲ日豊本線/大分駅 バス16分 (バス停)下郡 歩2分",築24年,3階,3LDK,65.46m2,8.3万円,https://suumo.jp/chintai/jnc_000099361109/?bc=100437311995,24,65.46,8.3,23,牧駅
日生第５マンション,大分県大分市大字上宗方,南大分駅,"ＪＲ久大本線/南大分駅 歩34分
ＪＲ久大本線/賀来駅 歩49分
ＪＲ久大本線/豊後国分駅 歩54分",築40年,7階,1K,29.2m2,3.6万円,https://suumo.jp/chintai/jnc_000087172582/?bc=100356860130,40,29.2,3.6,34,南大分駅
クィーンズ　コート,大分県大分市大字三芳,大分駅,ＪＲ日豊本線/大分駅 歩45分,築21年,7階,1DK,33.05m2,4.4万円,https://suumo.jp/chintai/jnc_000099619960/?bc=100445000088,21,33.05,4.4,45,大分駅
ＰＢＯＸ　ＢＬＤ４５,大分県大分市生石３,西大分駅,ＪＲ日豊本線/西大分駅 歩10分,築48年,5階,2LDK,51.84m2,5.5万円,https://suumo.jp/chintai/jnc_000099593605/?bc=100445001164,48,51.84,5.5,10,西大分駅
ウェルス三ヶ田,大分県大分市三ケ田町３,南大分駅,"ＪＲ久大本線/南大分駅 歩8分
ＪＲ久大本線/古国府駅 歩22分
ＪＲ日豊本線/大分駅 バス11分 (バス停)三ケ田町 歩3分",築24年,3階,1K,25.16m2,3.5万円,https://suumo.jp/chintai/jnc_000096614831/?bc=100434345006,24,25.16,3.5,8,南大分駅
ベルクオーレ,大分県大分市顕徳町１,大分駅,ＪＲ日豊本線/大分駅 歩9分,築7年,10階,2LDK,62.04m2,9.2万円,https://suumo.jp/chintai/jnc_000099615582/?bc=100444983280,7,62.04,9.2,9,大分駅
シリウス花高松,大分県大分市花高松１,高城駅,ＪＲ日豊本線/高城駅 歩30分,築27年,6階,1DK,28m2,4.1万円,https://suumo.jp/chintai/jnc_000099619953/?bc=100445000094,27,28.0,4.1,30,高城駅
ユナイテッド羽屋,大分県大分市羽屋新町１,南大分駅,"ＪＲ久大本線/南大分駅 歩16分
ＪＲ久大本線/古国府駅 歩20分
ＪＲ日豊本線/大分駅 歩34分",築35年,5階,1DK,34.47m2,3.85万円,https://suumo.jp/chintai/jnc_000099615596/?bc=100444945300,35,34.47,3.85,16,南大分駅
ヴェルジュ・萩原,大分県大分市萩原１,牧駅,ＪＲ日豊本線/牧駅 歩11分,築27年,4階,1K,25.16m2,3.6万円,https://suumo.jp/chintai/jnc_000098553956/?bc=100438237749,27,25.16,3.6,11,牧駅
パークサイド久野　II,大分県大分市角子原２,大在駅,ＪＲ日豊本線/大在駅 歩11分,築28年,2階,1K,25.13m2,3.4万円,https://suumo.jp/chintai/jnc_000099010561/?bc=100442491616,28,25.13,3.4,11,大在駅
マリアルーサ松原,大分県大分市松原町１,高城駅,ＪＲ日豊本線/高城駅 歩13分,築36年,4階,2K,34m2,3.3万円,https://suumo.jp/chintai/jnc_000098087189/?bc=100444945304,36,34.0,3.3,13,高城駅
シェーンドルフ中津留,大分県大分市中津留２,大分駅,ＪＲ日豊本線/大分駅 バス10分 (バス停)中高校前 歩7分,築26年,4階,1K,25m2,3.8万円,https://suumo.jp/chintai/jnc_000097387845/?bc=100429806197,26,25.0,3.8,7,大分駅
舞鶴町貸家松本邸,大分県大分市舞鶴町２,大分駅,ＪＲ日豊本線/大分駅 歩30分,築32年,3階,5DK,90.57m2,9万円,https://suumo.jp/chintai/jnc_000099615589/?bc=100444962343,32,90.57,9.0,30,大分駅
サンセベリア三佐,大分県大分市大字三佐,鶴崎駅,"ＪＲ日豊本線/鶴崎駅 歩29分
ＪＲ日豊本線/高城駅 車11分(4.2km)
大分バス/八坂 歩8分",築35年,2階,2K,38.5m2,3.75万円,https://suumo.jp/chintai/jnc_000099537576/?bc=100444513140,35,38.5,3.75,29,鶴崎駅
シティハイツ21,大分県大分市牧３,牧駅,"ＪＲ日豊本線/牧駅 歩11分
バス/萩原 歩2分
バス/新貝 歩6分",築34年,4階,1K,26.6m2,3.4万円,https://suumo.jp/chintai/jnc_000087177563/?bc=100444934179,34,26.6,3.4,11,牧駅
ベル古国府,大分県大分市古国府６,古国府駅,"ＪＲ久大本線/古国府駅 歩9分
ＪＲ豊肥本線/大分駅 歩29分
ＪＲ日豊本線/大分駅 歩29分",築38年,4階,1DK,28.5m2,3.3万円,https://suumo.jp/chintai/jnc_000099609250/?bc=100444936114,38,28.5,3.3,9,古国府駅
サンライズコート,大分県大分市中島西２,大分駅,ＪＲ日豊本線/大分駅 歩18分,築6年,2階,3LDK,82.75m2,11.5万円,https://suumo.jp/chintai/jnc_000079424837/?bc=100443920407,6,82.75,11.5,18,大分駅
ヴィルヌーブ,大分県大分市花津留２,牧駅,ＪＲ日豊本線/牧駅 歩8分,築34年,4階,1K,26.46m2,2.9万円,https://suumo.jp/chintai/jnc_000048329939/?bc=100445000065,34,26.46,2.9,8,牧駅
スカイコート今津留,大分県大分市今津留２,牧駅,ＪＲ日豊本線/牧駅 歩19分,築38年,3階,1K,25m2,3.4万円,https://suumo.jp/chintai/jnc_000080967458/?bc=100444768239,38,25.0,3.4,19,牧駅
若竹ビル,大分県大分市府内町２,大分駅,ＪＲ日豊本線/大分駅 歩7分,築62年,4階,1LDK,66m2,7.5万円,https://suumo.jp/chintai/jnc_000099628822/?bc=100445045003,62,66.0,7.5,7,大分駅
ビレッジハウス美園II3号棟,大分県大分市大字中戸次,中判田駅,"ＪＲ豊肥本線/中判田駅 歩41分
ＪＲ豊肥本線/竹中駅 歩58分
ＪＲ豊肥本線/大分大学前駅 歩84分",築54年,5階,2K,33.09m2,3.05万円,https://suumo.jp/chintai/jnc_000099276121/?bc=100442924966,54,33.09,3.05,41,中判田駅
ベレオ西大道,大分県大分市西大道２,大分駅,"ＪＲ日豊本線/大分駅 歩17分
ＪＲ久大本線/古国府駅 歩30分
ＪＲ久大本線/南大分駅 歩29分",築4年,3階,2LDK,65.64m2,13.3万円,https://suumo.jp/chintai/jnc_000079028742/?bc=100429187696,4,65.64,13.3,17,大分駅
ビレッジハウス美園II７号棟,大分県大分市大字中戸次,中判田駅,ＪＲ豊肥本線/中判田駅 歩44分,築54年,5階,2K,33.51m2,2.7万円,https://suumo.jp/chintai/jnc_000099567107/?bc=100444683822,54,33.51,2.7,44,中判田駅
ベルクレール,大分県大分市日岡２,高城駅,ＪＲ日豊本線/高城駅 歩15分,築8年,3階,1K,30.85m2,4.6万円,https://suumo.jp/chintai/jnc_000099292291/?bc=100442680920,8,30.85,4.6,15,高城駅
ヴィラ・キャレットIII,大分県大分市久原南１,坂ノ市駅,ＪＲ日豊本線/坂ノ市駅 歩14分,築12年,2階,1LDK,46.55m2,4.5万円,https://suumo.jp/chintai/jnc_000099560378/?bc=100440010013,12,46.55,4.5,14,坂ノ市駅
ブリエ・ヴェルジェＣ,大分県大分市大字荏隈,南大分駅,ＪＲ久大本線/南大分駅 歩11分,築12年,3階,1SK,31.65m2,4.5万円,https://suumo.jp/chintai/jnc_000097008727/?bc=100425683569,12,31.65,4.5,11,南大分駅
レジェンド,大分県大分市大字角子原,大在駅,"ＪＲ日豊本線/大在駅 歩18分
ＪＲ日豊本線/鶴崎駅 歩40分",築15年,2階,2LDK,57.07m2,4.8万円,https://suumo.jp/chintai/jnc_000098380344/?bc=100427664795,15,57.07,4.8,18,大在駅
ＳＨＩＮＹ,大分県大分市坂ノ市西２,坂ノ市駅,ＪＲ日豊本線/坂ノ市駅 歩15分,築17年,2階,2LDK,58.86m2,4.85万円,https://suumo.jp/chintai/jnc_000098947529/?bc=100399262895,17,58.86,4.85,15,坂ノ市駅
メゾン　ド　ラフレシール　Ｂ,大分県大分市里２,坂ノ市駅,"ＪＲ日豊本線/坂ノ市駅 歩13分
ＪＲ日豊本線/大在駅 バス7分 (バス停)王の瀬 歩3分
ＪＲ日豊本線/大分駅 バス43分 (バス停)王の瀬 歩3分",築18年,2階,2LDK,58.86m2,4.8万円,https://suumo.jp/chintai/jnc_000090250605/?bc=100429806189,18,58.86,4.8,13,坂ノ市駅
コーリンエステートエビスII,大分県大分市恵比寿町,坂ノ市駅,ＪＲ日豊本線/坂ノ市駅 歩9分,築14年,2階,2LDK,57.63m2,4.75万円,https://suumo.jp/chintai/jnc_000099136311/?bc=100441893865,14,57.63,4.75,9,坂ノ市駅
秦永ビル,大分県大分市田中町１,南大分駅,"ＪＲ久大本線/南大分駅 歩10分
ＪＲ久大本線/古国府駅 歩26分
ＪＲ日豊本線/大分駅 バス13分 (バス停)田中北 歩4分",築3年,3階,1K,36.96m2,5.45万円,https://suumo.jp/chintai/jnc_000099502746/?bc=100439018529,3,36.96,5.45,10,南大分駅
キャピタルマンション,大分県大分市大字森町,鶴崎駅,"ＪＲ日豊本線/鶴崎駅 バス7分 (バス停)森町下 歩8分
ＪＲ日豊本線/高城駅 バス18分 (バス停)森町下 歩8分
ＪＲ日豊本線/大分駅 バス30分 (バス停)森町下 歩8分",築14年,3階,2LDK,55.2m2,5.3万円,https://suumo.jp/chintai/jnc_000067224447/?bc=100445045049,14,55.2,5.3,8,鶴崎駅
サンコーポＢ棟,大分県大分市大字津守,滝尾駅,ＪＲ豊肥本線/滝尾駅 歩8分,築28年,3階,3LDK,61.98m2,5万円,https://suumo.jp/chintai/jnc_000067784306/?bc=100444825035,28,61.98,5.0,8,滝尾駅
ＪＲ久大本線 古国府駅 2階建 築9年,大分県大分市南太平寺３,古国府駅,ＪＲ久大本線/古国府駅 歩13分,築9年,2階,1LDK,32.44m2,4.9万円,https://suumo.jp/chintai/jnc_000099587459/?bc=100444807323,9,32.44,4.9,13,古国府駅
ヴィラ・キャレット　II,大分県大分市久原中央３,坂ノ市駅,ＪＲ日豊本線/坂ノ市駅 歩15分,築18年,2階,2LDK,58.86m2,4.7万円,https://suumo.jp/chintai/jnc_000096604595/?bc=100434107313,18,58.86,4.7,15,坂ノ市駅
サンハイツ　奈良,大分県大分市大字津守,滝尾駅,"ＪＲ豊肥本線/滝尾駅 歩14分
ＪＲ久大本線/古国府駅 歩17分",築13年,2階,1LDK,44.86m2,5万円,https://suumo.jp/chintai/jnc_000096022938/?bc=100388376082,13,44.86,5.0,14,滝尾駅
グレース・Ｋ,大分県大分市浜中,坂ノ市駅,"ＪＲ日豊本線/坂ノ市駅 歩10分
ＪＲ日豊本線/大在駅 歩42分
ＪＲ日豊本線/幸崎駅 歩62分",築18年,2階,2LDK,54.85m2,4.85万円,https://suumo.jp/chintai/jnc_000099151378/?bc=100442556870,18,54.85,4.85,10,坂ノ市駅
ヒルズ上野,大分県大分市上野丘東,古国府駅,"ＪＲ久大本線/古国府駅 歩12分
大分バス/古国府 歩5分",築7年,2階,1LDK,29.71m2,5万円,https://suumo.jp/chintai/jnc_000098474546/?bc=100443895517,7,29.71,5.0,12,古国府駅
ＪＲ久大本線 古国府駅 2階建 築7年,大分県大分市上野丘東,古国府駅,"ＪＲ久大本線/古国府駅 歩12分
ＪＲ日豊本線/大分駅 バス10分 (バス停)上野 歩2分
ＪＲ豊肥本線/滝尾駅 歩26分",築7年,2階,1LDK,29.71m2,5万円,https://suumo.jp/chintai/jnc_000099397770/?bc=100444067571,7,29.71,5.0,12,古国府駅
ラポワール横田A,大分県大分市横田２,大在駅,"ＪＲ日豊本線/大在駅 歩20分
ＪＲ日豊本線/鶴崎駅 歩50分
ＪＲ日豊本線/坂ノ市駅 歩56分",築23年,2階,3DK,54.81m2,4.6万円,https://suumo.jp/chintai/jnc_000098633114/?bc=100443792520,23,54.81,4.6,20,大在駅
ＪＲ日豊本線 大在駅 2階建 築23年,大分県大分市横田２,大在駅,"ＪＲ日豊本線/大在駅 歩17分
ＪＲ日豊本線/鶴崎駅 バス9分 (バス停)前横田 歩8分
ＪＲ日豊本線/大分駅 バス33分 (バス停)前横田 歩8分",築23年,2階,3DK,54.81m2,4.6万円,https://suumo.jp/chintai/jnc_000098708700/?bc=100444067594,23,54.81,4.6,17,大在駅
ルミナス坂ノ市　I,大分県大分市坂ノ市中央４,坂ノ市駅,ＪＲ日豊本線/坂ノ市駅 歩15分,築12年,2階,2LDK,58.21m2,5.4万円,https://suumo.jp/chintai/jnc_000099136318/?bc=100440172867,12,58.21,5.4,15,坂ノ市駅
アイフィールド山津,大分県大分市山津町１,高城駅,"ＪＲ日豊本線/高城駅 歩16分
ＪＲ日豊本線/鶴崎駅 歩32分",築17年,2階,ワンルーム,32.9m2,4.2万円,https://suumo.jp/chintai/jnc_000096554967/?bc=100437399928,17,32.9,4.2,16,高城駅
カームリー・メゾンI,大分県大分市汐見１,大在駅,"ＪＲ日豊本線/大在駅 歩16分
ＪＲ日豊本線/坂ノ市駅 バス6分 (バス停)浜天満社前 歩8分
ＪＲ日豊本線/大分駅 バス43分 (バス停)浜天満社前 歩8分",築17年,2階,2LDK,63.86m2,5.2万円,https://suumo.jp/chintai/jnc_000098973143/?bc=100442634562,17,63.86,5.2,16,大在駅
メゾン　ド　ラフレシール　Ａ,大分県大分市里２,坂ノ市駅,"ＪＲ日豊本線/坂ノ市駅 歩14分
ＪＲ日豊本線/大在駅 バス7分 (バス停)王の瀬 歩2分
ＪＲ日豊本線/幸崎駅 バス15分 (バス停)王の瀬 歩2分",築18年,2階,2LDK,58.86m2,4.35万円,https://suumo.jp/chintai/jnc_000098990632/?bc=100423041119,18,58.86,4.35,14,坂ノ市駅
グリーンパークＡ,大分県大分市横塚２,坂ノ市駅,"ＪＲ日豊本線/坂ノ市駅 歩20分
ＪＲ日豊本線/大在駅 歩33分",築18年,2階,2LDK,54.85m2,4.5万円,https://suumo.jp/chintai/jnc_000098453698/?bc=100430324239,18,54.85,4.5,20,坂ノ市駅
チェリーハイム,大分県大分市三佐１,鶴崎駅,"ＪＲ日豊本線/鶴崎駅 バス14分 (バス停)三海橋 歩6分
ＪＲ日豊本線/大分駅 バス26分 (バス停)三海橋 歩6分",築24年,2階,3LDK,65.57m2,5.1万円,https://suumo.jp/chintai/jnc_000098511485/?bc=100419095129,24,65.57,5.1,6,鶴崎駅
ボヌール,大分県大分市大字羽田,滝尾駅,"ＪＲ豊肥本線/滝尾駅 歩20分
ＪＲ日豊本線/牧駅 歩37分
ＪＲ久大本線/古国府駅 歩41分",築15年,2階,2LDK,57.26m2,5.8万円,https://suumo.jp/chintai/jnc_000099502726/?bc=100438699701,15,57.26,5.8,20,滝尾駅
ＪＲ豊肥本線 滝尾駅 2階建 築15年,大分県大分市大字羽田,滝尾駅,ＪＲ豊肥本線/滝尾駅 歩19分,築15年,2階,2LDK,57.26m2,5.8万円,https://suumo.jp/chintai/jnc_000099587449/?bc=100444807336,15,57.26,5.8,19,滝尾駅
ＪＲ日豊本線 鶴崎駅 2階建 築21年,大分県大分市大字鶴崎,鶴崎駅,ＪＲ日豊本線/鶴崎駅 歩7分,築21年,2階,2LDK,51.67m2,5.2万円,https://suumo.jp/chintai/jnc_000090912412/?bc=100383125128,21,51.67,5.2,7,鶴崎駅
グランパス,大分県大分市下郡南２,滝尾駅,"ＪＲ豊肥本線/滝尾駅 歩24分
ＪＲ日豊本線/牧駅 歩31分
ＪＲ久大本線/古国府駅 歩39分",築6年,3階,1SK,36.96m2,5.5万円,https://suumo.jp/chintai/jnc_000097975264/?bc=100442732226,6,36.96,5.5,24,滝尾駅
ベルセリスメゾンI,大分県大分市賀来北１,賀来駅,"ＪＲ久大本線/賀来駅 歩15分
ＪＲ久大本線/南大分駅 歩18分",築15年,2階,2DK,46.41m2,5.25万円,https://suumo.jp/chintai/jnc_000099502740/?bc=100440171224,15,46.41,5.25,15,賀来駅
エスペランサ,大分県大分市大在北１,大在駅,"ＪＲ日豊本線/大在駅 歩19分
ＪＲ日豊本線/鶴崎駅 歩43分",築20年,2階,2LDK,58.86m2,4.9万円,https://suumo.jp/chintai/jnc_000096798795/?bc=100424903784,20,58.86,4.9,19,大在駅
フェリーチェ,大分県大分市二又町３,南大分駅,"ＪＲ久大本線/南大分駅 歩15分
ＪＲ久大本線/古国府駅 歩22分
ＪＲ日豊本線/大分駅 バス10分 (バス停)羽屋新町 歩2分",築18年,2階,1LDK,40.41m2,5万円,https://suumo.jp/chintai/jnc_000059630311/?bc=100444823439,18,40.41,5.0,15,南大分駅
恵比寿III,大分県大分市恵比寿町,坂ノ市駅,ＪＲ日豊本線/坂ノ市駅 歩9分,築20年,2階,2LDK,57.22m2,4.7万円,https://suumo.jp/chintai/jnc_000091068482/?bc=100437399947,20,57.22,4.7,9,坂ノ市駅
フォルシュII,大分県大分市三川上４,高城駅,"ＪＲ日豊本線/高城駅 歩22分
大分バス/海原橋西 歩6分",築16年,2階,2LDK,58.48m2,5.7万円,https://suumo.jp/chintai/jnc_000098539225/?bc=100438049852,16,58.48,5.7,22,高城駅
プクラルーチェ,大分県大分市大字猪野,高城駅,"ＪＲ日豊本線/高城駅 歩41分
ＪＲ日豊本線/鶴崎駅 歩47分
ＪＲ日豊本線/牧駅 歩52分",築8年,2階,3LDK,68.87m2,6.7万円,https://suumo.jp/chintai/jnc_000099193186/?bc=100442828178,8,68.87,6.7,41,高城駅
ＪＲ豊肥本線 滝尾駅 2階建 築9年,大分県大分市大字羽田,滝尾駅,ＪＲ豊肥本線/滝尾駅 歩14分,築9年,2階,1LDK,49.14m2,5.4万円,https://suumo.jp/chintai/jnc_000099587450/?bc=100444807315,9,49.14,5.4,14,滝尾駅
アイレフ　Ｂ棟,大分県大分市大在浜１,,-/浜天満社前 歩6分,築27年,2階,2LDK,53.26m2,4.95万円,https://suumo.jp/chintai/jnc_000092762441/?bc=100404219666,27,53.26,4.95,6,
パークタウン畑中ND,大分県大分市畑中５,大分駅,"ＪＲ豊肥本線/大分駅 歩9分
ＪＲ日豊本線/大分駅 歩9分
ＪＲ久大本線/大分駅 歩9分",築21年,3階,2LDK,51.66m2,5.4万円,https://suumo.jp/chintai/jnc_000069125690/?bc=100444161394,21,51.66,5.4,9,大分駅
ボヌール,大分県大分市大在北３,大在駅,ＪＲ日豊本線/大在駅 歩24分,築19年,3階,2LDK,56.3m2,5.1万円,https://suumo.jp/chintai/jnc_000099350366/?bc=100405936533,19,56.3,5.1,24,大在駅
エクセル悦和８,大分県大分市城南北２,南大分駅,ＪＲ久大本線/南大分駅 歩15分,築25年,3階,2LDK,58.59m2,5.2万円,https://suumo.jp/chintai/jnc_000093179200/?bc=100399094010,25,58.59,5.2,15,南大分駅
ハーモニーメゾンI,大分県大分市政所１,大在駅,ＪＲ日豊本線/大在駅 歩7分,築18年,2階,2DK,46.49m2,4.7万円,https://suumo.jp/chintai/jnc_000099502738/?bc=100442011011,18,46.49,4.7,7,大在駅
クールカーサ,大分県大分市里３,坂ノ市駅,ＪＲ日豊本線/坂ノ市駅 歩20分,築20年,2階,2DK,44.82m2,4.1万円,https://suumo.jp/chintai/jnc_000098518392/?bc=100437460054,20,44.82,4.1,20,坂ノ市駅
シャーメゾン・ハクサンＢ,大分県大分市坂ノ市西２,坂ノ市駅,ＪＲ日豊本線/坂ノ市駅 歩18分,築20年,2階,2LDK,57.81m2,5.6万円,https://suumo.jp/chintai/jnc_000096996502/?bc=100437046917,20,57.81,5.6,18,坂ノ市駅
ベル　プランタン,大分県大分市新栄町,高城駅,ＪＲ日豊本線/高城駅 歩13分,築8年,2階,1LDK,44.66m2,5.45万円,https://suumo.jp/chintai/jnc_000099151376/?bc=100441953154,8,44.66,5.45,13,高城駅
プランドール小池原,大分県大分市大字小池原,高城駅,"ＪＲ日豊本線/高城駅 歩21分
ＪＲ日豊本線/鶴崎駅 歩31分
ＪＲ日豊本線/牧駅 歩43分",築18年,2階,2LDK,51.15m2,5.1万円,https://suumo.jp/chintai/jnc_000065346137/?bc=100433471646,18,51.15,5.1,21,高城駅
センチュリー２１Ｃ・Ｄ,大分県大分市横田２,大在駅,"ＪＲ日豊本線/大在駅 歩15分
ＪＲ日豊本線/坂ノ市駅 歩45分
ＪＲ日豊本線/鶴崎駅 歩55分",築23年,2階,2SLDK,74.52m2,5.9万円,https://suumo.jp/chintai/jnc_000099433801/?bc=100443904822,23,74.52,5.9,15,大在駅
グローリア・Ｈ,大分県大分市大在北１,大在駅,"ＪＲ日豊本線/大在駅 歩17分
ＪＲ日豊本線/鶴崎駅 バス8分 (バス停)久保 歩1分
ＪＲ日豊本線/大分駅 バス33分 (バス停)久保 歩1分",築23年,2階,2LDK,58.12m2,4.8万円,https://suumo.jp/chintai/jnc_000097937239/?bc=100434552410,23,58.12,4.8,17,大在駅
ブレインマンション王ノ瀬,大分県大分市王ノ瀬２,坂ノ市駅,"ＪＲ日豊本線/坂ノ市駅 歩17分
ＪＲ日豊本線/大在駅 歩37分",築20年,3階,3LDK,68.8m2,6万円,https://suumo.jp/chintai/jnc_000098002335/?bc=100433275978,20,68.8,6.0,17,坂ノ市駅
フェリ－チェ・ルミナス,大分県大分市須賀１,大在駅,ＪＲ日豊本線/大在駅 歩27分,築15年,2階,2LDK,54.4m2,5万円,https://suumo.jp/chintai/jnc_000098947518/?bc=100401142279,15,54.4,5.0,27,大在駅
ベル・ブーケ　大在,大分県大分市大在北１,大在駅,"ＪＲ日豊本線/大在駅 歩20分
ＪＲ日豊本線/鶴崎駅 歩38分
ＪＲ日豊本線/坂ノ市駅 歩60分",築12年,2階,2LDK,56.47m2,5.5万円,https://suumo.jp/chintai/jnc_000097079091/?bc=100426260158,12,56.47,5.5,20,大在駅
エアリ－メゾンII,大分県大分市汐見１,大在駅,ＪＲ日豊本線/大在駅 歩18分,築18年,2階,2LDK,61.76m2,5.3万円,https://suumo.jp/chintai/jnc_000098116365/?bc=100434203001,18,61.76,5.3,18,大在駅
エアリ－メゾンIII,大分県大分市汐見１,大在駅,ＪＲ日豊本線/大在駅 歩18分,築18年,2階,2LDK,61.76m2,5.3万円,https://suumo.jp/chintai/jnc_000094334532/?bc=100439896454,18,61.76,5.3,18,大在駅
ＪＲ日豊本線 牧駅 2階建 築17年,大分県大分市東浜１,牧駅,ＪＲ日豊本線/牧駅 歩22分,築17年,2階,1LDK,42.37m2,4.7万円,https://suumo.jp/chintai/jnc_000081818040/?bc=100444807316,17,42.37,4.7,22,牧駅
ひらき,大分県大分市横田２,大在駅,ＪＲ日豊本線/大在駅 歩13分,築16年,2階,1LDK,42.37m2,4.85万円,https://suumo.jp/chintai/jnc_000099502739/?bc=100437504037,16,42.37,4.85,13,大在駅
エストピア七番館,大分県大分市東鶴崎２,鶴崎駅,"ＪＲ日豊本線/鶴崎駅 歩14分
ＪＲ日豊本線/大在駅 歩38分
ＪＲ日豊本線/高城駅 歩49分",築4年,3階,1LDK,41.6m2,5.3万円,https://suumo.jp/chintai/jnc_000098906872/?bc=100440970539,4,41.6,5.3,14,鶴崎駅
セゾンフローラB,大分県大分市大在北１,大在駅,"ＪＲ日豊本線/大在駅 歩21分
ＪＲ日豊本線/鶴崎駅 歩38分",築15年,2階,2LDK,57.63m2,5.4万円,https://suumo.jp/chintai/jnc_000099502734/?bc=100441963483,15,57.63,5.4,21,大在駅
ヴィーブルＳ１１,大分県大分市尼が瀬１,南大分駅,"ＪＲ久大本線/南大分駅 歩12分
ＪＲ日豊本線/大分駅 バス14分 (バス停)明磧 歩7分",築24年,2階,3LDK,65.57m2,5.8万円,https://suumo.jp/chintai/jnc_000089154571/?bc=100371236397,24,65.57,5.8,12,南大分駅
エル・フォンティーヌ,大分県大分市大字皆春,鶴崎駅,"ＪＲ日豊本線/鶴崎駅 歩16分
ＪＲ日豊本線/高城駅 歩45分
ＪＲ日豊本線/大在駅 歩55分",築15年,2階,2LDK,51.3m2,5.7万円,https://suumo.jp/chintai/jnc_000037673761/?bc=100418133867,15,51.3,5.7,16,鶴崎駅
ウィルヴィラージュ,大分県大分市志村１,鶴崎駅,"ＪＲ日豊本線/鶴崎駅 歩19分
ＪＲ日豊本線/大在駅 歩30分
ＪＲ日豊本線/高城駅 歩55分",築18年,2階,2LDK,51.3m2,5.3万円,https://suumo.jp/chintai/jnc_000092946186/?bc=100397614506,18,51.3,5.3,19,鶴崎駅
カ－サ・ブロ－テ,大分県大分市角子原２,大在駅,ＪＲ日豊本線/大在駅 歩12分,築18年,2階,2LDK,58.86m2,5.5万円,https://suumo.jp/chintai/jnc_000098990631/?bc=100440748780,18,58.86,5.5,12,大在駅
ユーミー奥田,大分県大分市明磧町２,南大分駅,"ＪＲ久大本線/南大分駅 歩15分
大分バス/明磧 歩4分
ＪＲ久大本線/賀来駅 歩36分",築13年,4階,1LDK,41.04m2,5.5万円,https://suumo.jp/chintai/jnc_000098889989/?bc=100444361799,13,41.04,5.5,15,南大分駅
スマイル・レジデンス,大分県大分市三佐３,鶴崎駅,ＪＲ日豊本線/鶴崎駅 歩16分,築9年,2階,2LDK,57.07m2,5.8万円,https://suumo.jp/chintai/jnc_000098738864/?bc=100439132806,9,57.07,5.8,16,鶴崎駅
プラシード片島,大分県大分市大字片島,滝尾駅,ＪＲ豊肥本線/滝尾駅 歩18分,築15年,2階,2DK,45.39m2,4.8万円,https://suumo.jp/chintai/jnc_000098539217/?bc=100429806201,15,45.39,4.8,18,滝尾駅
アルシェ・ノイ,大分県大分市横田１,大在駅,ＪＲ日豊本線/大在駅 歩12分,築11年,2階,1LDK,44.97m2,4.95万円,https://suumo.jp/chintai/jnc_000099298356/?bc=100443055988,11,44.97,4.95,12,大在駅
マリアナオ・Ｈ,大分県大分市王ノ瀬１,坂ノ市駅,"ＪＲ日豊本線/坂ノ市駅 歩16分
ＪＲ日豊本線/大在駅 歩28分",築13年,2階,2DK,46.06m2,4.65万円,https://suumo.jp/chintai/jnc_000098866330/?bc=100441150560,13,46.06,4.65,16,坂ノ市駅
リオ　グランデ,大分県大分市萩原２,牧駅,ＪＲ日豊本線/牧駅 歩15分,築5年,5階,1LDK,41.6m2,5.2万円,https://suumo.jp/chintai/jnc_000060247390/?bc=100433332028,5,41.6,5.2,15,牧駅
シャルマン寺崎,大分県大分市寺崎町１,高城駅,ＪＲ日豊本線/高城駅 歩11分,築22年,2階,2LDK,51.67m2,5.1万円,https://suumo.jp/chintai/jnc_000083967081/?bc=100438508380,22,51.67,5.1,11,高城駅
サンステージ,大分県大分市大字横尾,高城駅,ＪＲ日豊本線/高城駅 バス15分 (バス停)二目川下 歩3分,築20年,7階,2LDK,52.8m2,5.1万円,https://suumo.jp/chintai/jnc_000096642157/?bc=100423066064,20,52.8,5.1,3,高城駅
グランヴェルデ蓮池,大分県大分市大字城原,大在駅,"ＪＲ日豊本線/大在駅 歩12分
大分バス/曙台入り口停 歩3分",築11年,2階,1LDK,36m2,5万円,https://suumo.jp/chintai/jnc_000098329238/?bc=100437007584,11,36.0,5.0,12,大在駅
アンジュ・ココ,大分県大分市大字三佐,鶴崎駅,ＪＲ日豊本線/鶴崎駅 歩24分,築11年,2階,2DK,50.33m2,4.85万円,https://suumo.jp/chintai/jnc_000099106448/?bc=100441669021,11,50.33,4.85,24,鶴崎駅
ヴェルジュ．Ｓ２,大分県大分市大字曲,滝尾駅,ＪＲ豊肥本線/滝尾駅 歩10分,築15年,2階,2DK,45.39m2,4.9万円,https://suumo.jp/chintai/jnc_000099151374/?bc=100442283733,15,45.39,4.9,10,滝尾駅
プランドールＭＥＲＡ,大分県大分市大字片島,,バス/滝尾保養院前 歩4分,築12年,2階,2LDK,51.66m2,5.8万円,https://suumo.jp/chintai/jnc_000099072108/?bc=100442993435,12,51.66,5.8,4,
オレンジハイツ２,大分県大分市大在北３,大在駅,"ＪＲ日豊本線/大在駅 歩25分
ＪＲ日豊本線/鶴崎駅 歩44分
ＪＲ日豊本線/坂ノ市駅 歩61分",築17年,2階,1LDK,46.49m2,4.65万円,https://suumo.jp/chintai/jnc_000097870678/?bc=100433144205,17,46.49,4.65,25,大在駅
プチハウスII,大分県大分市大字松岡,中判田駅,"ＪＲ豊肥本線/中判田駅 バス7分 (バス停)東芝工場正門 歩2分
ＪＲ日豊本線/鶴崎駅 バス10分 (バス停)東芝工場正門 歩2分",築26年,2階,2LDK,52m2,4.5万円,https://suumo.jp/chintai/jnc_000099151375/?bc=100442679642,26,52.0,4.5,2,中判田駅
サンシャイン７,大分県大分市須賀２,大在駅,ＪＲ日豊本線/大在駅 歩28分,築18年,3階,3DK,60.97m2,6万円,https://suumo.jp/chintai/jnc_000014857625/?bc=100364600777,18,60.97,6.0,28,大在駅
Sungrace Casa,大分県大分市高城本町,高城駅,"ＪＲ日豊本線/高城駅 歩4分
ＪＲ日豊本線/牧駅 歩26分",築10年,6階,1LDK,32.33m2,5万円,https://suumo.jp/chintai/jnc_000098866316/?bc=100441857103,10,32.33,5.0,4,高城駅
ブルースカイ,大分県大分市大在北４,大在駅,"ＪＲ日豊本線/大在駅 歩21分
ＪＲ日豊本線/鶴崎駅 歩49分
ＪＲ日豊本線/坂ノ市駅 歩57分",築13年,2階,2LDK,51.66m2,5.6万円,https://suumo.jp/chintai/jnc_000046634738/?bc=100417406581,13,51.66,5.6,21,大在駅
ヴィータセレーナ西大道,大分県大分市西大道１,大分駅,"ＪＲ久大本線/大分駅 歩17分
ＪＲ豊肥本線/大分駅 歩17分
ＪＲ日豊本線/大分駅 歩17分",築9年,5階,1LDK,31.5m2,5.6万円,https://suumo.jp/chintai/jnc_000099502742/?bc=100444343051,9,31.5,5.6,17,大分駅
コンフォート小池原,大分県大分市大字小池原,高城駅,"ＪＲ日豊本線/高城駅 歩18分
大分バス/小池原 歩1分",築10年,2階,1LDK,33.13m2,4.9万円,https://suumo.jp/chintai/jnc_000049080794/?bc=100432992187,10,33.13,4.9,18,高城駅
アライブ・ＴII,大分県大分市大字小池原,高城駅,"ＪＲ日豊本線/高城駅 バス4分 (バス停)小池原 歩4分
ＪＲ日豊本線/大分駅 バス27分 (バス停)小池原 歩4分",築9年,2階,1LDK,36.41m2,4.8万円,https://suumo.jp/chintai/jnc_000099390710/?bc=100396847154,9,36.41,4.8,4,高城駅
プリンセス　フィールズ,大分県大分市汐見２,大在駅,"ＪＲ日豊本線/大在駅 歩24分
ＪＲ日豊本線/坂ノ市駅 バス5分 (バス停)浜東 歩1分
ＪＲ日豊本線/鶴崎駅 バス16分 (バス停)浜東 歩1分",築13年,2階,2LDK,61m2,5.45万円,https://suumo.jp/chintai/jnc_000097667514/?bc=100430315963,13,61.0,5.45,24,大在駅
ロゼア鶴崎WEST,大分県大分市大字鶴崎,鶴崎駅,ＪＲ日豊本線/鶴崎駅 歩12分,築1年,5階,1LDK,42.5m2,5.3万円,https://suumo.jp/chintai/jnc_000096380474/?bc=100442127013,1,42.5,5.3,12,鶴崎駅
ＥＶＡ－０１,大分県大分市大在北３,大在駅,"ＪＲ日豊本線/大在駅 歩23分
ＪＲ日豊本線/鶴崎駅 歩45分",築15年,2階,2LDK,60.33m2,5.5万円,https://suumo.jp/chintai/jnc_000099502735/?bc=100441963491,15,60.33,5.5,23,大在駅
シーウィンド1,大分県大分市大在浜２,大在駅,"ＪＲ日豊本線/大在駅 歩18分
ＪＲ日豊本線/坂ノ市駅 歩31分
ＪＲ日豊本線/鶴崎駅 歩63分",築17年,2階,1LDK,41.04m2,4.8万円,https://suumo.jp/chintai/jnc_000016280028/?bc=100437311675,17,41.04,4.8,18,大在駅
エンカウンター,大分県大分市大在浜１,大在駅,ＪＲ日豊本線/大在駅 歩14分,築19年,2階,1LDK,41.04m2,4.8万円,https://suumo.jp/chintai/jnc_000052207599/?bc=100433331941,19,41.04,4.8,14,大在駅
エンシーナ,大分県大分市仲西町１,高城駅,"ＪＲ日豊本線/高城駅 歩18分
ＪＲ日豊本線/牧駅 歩33分
ＪＲ日豊本線/鶴崎駅 歩36分",築28年,3階,3DK,51.73m2,4.5万円,https://suumo.jp/chintai/jnc_000083783183/?bc=100336412357,28,51.73,4.5,18,高城駅
マリアージュ,大分県大分市大字皆春,鶴崎駅,"ＪＲ日豊本線/鶴崎駅 歩13分
ＪＲ日豊本線/高城駅 歩43分
ＪＲ日豊本線/大在駅 歩54分",築8年,2階,1LDK,44.89m2,5.2万円,https://suumo.jp/chintai/jnc_000028033357/?bc=100435877256,8,44.89,5.2,13,鶴崎駅
カルム市原Ａ,大分県大分市大字葛木,鶴崎駅,ＪＲ日豊本線/鶴崎駅 バス12分 (バス停)葛木入口 歩4分,築15年,2階,2DK,45.39m2,4.6万円,https://suumo.jp/chintai/jnc_000099298329/?bc=100443918095,15,45.39,4.6,4,鶴崎駅
エミネスタウンＳーII,大分県大分市横尾東町４,鶴崎駅,"ＪＲ日豊本線/鶴崎駅 バス15分 (バス停)西寺 歩3分
ＪＲ日豊本線/大分駅 バス29分 (バス停)葛木入口 歩14分",築14年,2階,1LDK,42.19m2,4.75万円,https://suumo.jp/chintai/jnc_000099215304/?bc=100443060572,14,42.19,4.75,3,鶴崎駅
ドゥーメゾン,大分県大分市大字旦野原,大分大学前駅,"ＪＲ豊肥本線/大分大学前駅 歩20分
ＪＲ豊肥本線/敷戸駅 バス8分 (バス停)大分大学前駅 歩20分
ＪＲ日豊本線/大分駅 バス29分 (バス停)大分大学前駅 歩20分",築20年,2階,1LDK,40.06m2,4.65万円,https://suumo.jp/chintai/jnc_000097316968/?bc=100430974945,20,40.06,4.65,20,大分大学前駅
ＪＲ豊肥本線 大分大学前駅 2階建 築20年,大分県大分市大字旦野原,大分大学前駅,"ＪＲ豊肥本線/大分大学前駅 歩20分
ＪＲ豊肥本線/敷戸駅 バス8分 (バス停)大分大学前駅 歩20分
ＪＲ日豊本線/大分駅 バス29分 (バス停)大分大学前駅 歩20分",築20年,2階,1LDK,40.06m2,4.65万円,https://suumo.jp/chintai/jnc_000099433752/?bc=100444067567,20,40.06,4.65,20,大分大学前駅
ニューサカエールI,大分県大分市大在北３,大在駅,"ＪＲ日豊本線/大在駅 バス3分 (バス停)久保 歩10分
ＪＲ日豊本線/鶴崎駅 バス7分 (バス停)久保 歩10分
ＪＲ日豊本線/坂ノ市駅 バス11分 (バス停)久保 歩10分",築17年,2階,2LDK,58.86m2,5.4万円,https://suumo.jp/chintai/jnc_000098354796/?bc=100424306287,17,58.86,5.4,10,大在駅
グラシア寺崎,大分県大分市寺崎町２,高城駅,"ＪＲ日豊本線/高城駅 歩16分
大分バス/山津 歩3分",築6年,3階,1LDK,39.43m2,5.8万円,https://suumo.jp/chintai/jnc_000098915535/?bc=100440208799,6,39.43,5.8,16,高城駅
サニーガーデンＢ,大分県大分市大字里,坂ノ市駅,ＪＲ日豊本線/坂ノ市駅 歩28分,築10年,2階,2LDK,57.07m2,5.3万円,https://suumo.jp/chintai/jnc_000098850944/?bc=100439653151,10,57.07,5.3,28,坂ノ市駅
エクセル野田,大分県大分市大字下郡,牧駅,"ＪＲ日豊本線/牧駅 歩14分
ＪＲ日豊本線/高城駅 歩33分
ＪＲ久大本線/大分駅 歩35分",築30年,4階,2LDK,54.86m2,5.1万円,https://suumo.jp/chintai/jnc_000099369634/?bc=100263547494,30,54.86,5.1,14,牧駅
クラージュ　ＫｏＭｅＴａＫｅ,大分県大分市大字小池原,高城駅,"ＪＲ日豊本線/高城駅 歩22分
大分バス/小池原 歩4分",築9年,2階,1LDK,36m2,4.8万円,https://suumo.jp/chintai/jnc_000014853621/?bc=100437715762,9,36.0,4.8,22,高城駅
エトワールＯＺ,大分県大分市花江川,大在駅,ＪＲ日豊本線/大在駅 歩19分,築23年,2階,2LDK,59.39m2,5万円,https://suumo.jp/chintai/jnc_000089763054/?bc=100434350121,23,59.39,5.0,19,大在駅
イーメゾンもりおかI,大分県大分市大字津守,滝尾駅,ＪＲ豊肥本線/滝尾駅 歩9分,築9年,2階,2LDK,57.21m2,5.9万円,https://suumo.jp/chintai/jnc_000098850955/?bc=100439721000,9,57.21,5.9,9,滝尾駅
スターテラス　小池原II,大分県大分市大字小池原,高城駅,"ＪＲ日豊本線/高城駅 歩20分
大分バス/小池原停 歩1分",築16年,2階,1LDK,44.52m2,4.9万円,https://suumo.jp/chintai/jnc_000080879488/?bc=100436313121,16,44.52,4.9,20,高城駅
ファミリア　フェリーチェ,大分県大分市大字小池原,高城駅,"ＪＲ日豊本線/高城駅 歩20分
ＪＲ日豊本線/鶴崎駅 歩32分
ＪＲ日豊本線/牧駅 歩42分",築13年,2階,1LDK,38.25m2,4.9万円,https://suumo.jp/chintai/jnc_000097304807/?bc=100392803593,13,38.25,4.9,20,高城駅
Ｈｏｐｅ花江川,大分県大分市花江川,大在駅,ＪＲ日豊本線/大在駅 歩20分,築17年,2階,2LDK,53.59m2,6.2万円,https://suumo.jp/chintai/jnc_000098850991/?bc=100434271208,17,53.59,6.2,20,大在駅
ベルセレーノ　Ｂ,大分県大分市大字鶴崎,鶴崎駅,ＪＲ日豊本線/鶴崎駅 歩7分,築21年,2階,2LDK,51.67m2,5.2万円,https://suumo.jp/chintai/jnc_000090867099/?bc=100434350456,21,51.67,5.2,7,鶴崎駅
ひまわり,大分県大分市横田２,大在駅,ＪＲ日豊本線/大在駅 歩12分,築18年,2階,1LDK,42.8m2,4.7万円,https://suumo.jp/chintai/jnc_000098539232/?bc=100437458973,18,42.8,4.7,12,大在駅
シャーメゾン・ハクサン　B棟,大分県大分市坂ノ市南２,坂ノ市駅,ＪＲ日豊本線/坂ノ市駅 歩12分,築20年,2階,2LDK,57.81m2,5.6万円,https://suumo.jp/chintai/jnc_000097079093/?bc=100426198613,20,57.81,5.6,12,坂ノ市駅
アールズ　ハイム,大分県大分市向原西２,高城駅,"ＪＲ日豊本線/高城駅 歩22分
ＪＲ日豊本線/牧駅 歩43分
ＪＲ日豊本線/鶴崎駅 歩50分",築5年,3階,1LDK,38.25m2,4.9万円,https://suumo.jp/chintai/jnc_000062748117/?bc=100438480255,5,38.25,4.9,22,高城駅
サン・プリムローズII,大分県大分市大在北４,大在駅,ＪＲ日豊本線/大在駅 歩17分,築8年,2階,1LDK,45.09m2,5.15万円,https://suumo.jp/chintai/jnc_000099020088/?bc=100440947530,8,45.09,5.15,17,大在駅
サニーフィールズ寒田I,大分県大分市大字寒田,敷戸駅,ＪＲ豊肥本線/敷戸駅 歩14分,築10年,2階,1LDK,50.09m2,5.3万円,https://suumo.jp/chintai/jnc_000098398213/?bc=100437460058,10,50.09,5.3,14,敷戸駅
パルコ－ト,大分県大分市志村１,鶴崎駅,"ＪＲ日豊本線/鶴崎駅 歩22分
ＪＲ日豊本線/大在駅 歩28分
ＪＲ日豊本線/高城駅 歩58分",築21年,2階,2LDK,57.22m2,5万円,https://suumo.jp/chintai/jnc_000086019807/?bc=100411843044,21,57.22,5.0,22,鶴崎駅
フローリッシュＢＭ,大分県大分市大字寒田,大分大学前駅,ＪＲ豊肥本線/大分大学前駅 歩21分,築18年,3階,1LDK,45.03m2,4.4万円,https://suumo.jp/chintai/jnc_000099457250/?bc=100444038646,18,45.03,4.4,21,大分大学前駅
サンシャイン王子原III,大分県大分市横尾東町２,鶴崎駅,ＪＲ日豊本線/鶴崎駅 バス15分 (バス停)中筋 歩3分,築15年,2階,2LDK,57.76m2,5.8万円,https://suumo.jp/chintai/jnc_000099495043/?bc=100444774212,15,57.76,5.8,3,鶴崎駅
グリーンティアラB,大分県大分市横田２,大在駅,"ＪＲ日豊本線/大在駅 歩19分
ＪＲ日豊本線/鶴崎駅 歩51分",築20年,2階,2DK,50.12m2,5.2万円,https://suumo.jp/chintai/jnc_000016310779/?bc=100353108889,20,50.12,5.2,19,大在駅
ホームズ　ソレイユＢ,大分県大分市大字鶴崎,鶴崎駅,"ＪＲ日豊本線/鶴崎駅 歩2分
ＪＲ日豊本線/高城駅 歩43分",築20年,2階,2LDK,57.22m2,5.4万円,https://suumo.jp/chintai/jnc_000097636427/?bc=100430109817,20,57.22,5.4,2,鶴崎駅
夢　ストーク三代Ｂ,大分県大分市花江川,大在駅,ＪＲ日豊本線/大在駅 歩23分,築18年,2階,2LDK,58.86m2,5.4万円,https://suumo.jp/chintai/jnc_000097164942/?bc=100426735666,18,58.86,5.4,23,大在駅
カサベルデ政所,大分県大分市大字政所,大在駅,"ＪＲ日豊本線/大在駅 歩10分
ＪＲ日豊本線/鶴崎駅 バス14分 (バス停)中向 歩9分
ＪＲ日豊本線/大分駅 バス38分 (バス停)中向 歩9分",築31年,2階,2LDK,54.81m2,4.7万円,https://suumo.jp/chintai/jnc_000099205631/?bc=100442544472,31,54.81,4.7,10,大在駅
エル　アヴェニール曙台,大分県大分市曙台１,大在駅,"ＪＲ日豊本線/大在駅 歩23分
ＪＲ日豊本線/坂ノ市駅 歩37分
ＪＲ日豊本線/鶴崎駅 歩66分",築9年,2階,1LDK,50.07m2,4.9万円,https://suumo.jp/chintai/jnc_000098539228/?bc=100430750925,9,50.07,4.9,23,大在駅
プロムナード里１,大分県大分市小佐井１,坂ノ市駅,"ＪＲ日豊本線/坂ノ市駅 歩19分
ＪＲ日豊本線/大在駅 歩42分",築16年,2階,1LDK,45.72m2,4.55万円,https://suumo.jp/chintai/jnc_000098539236/?bc=100430391548,16,45.72,4.55,19,坂ノ市駅
サンリット　I,大分県大分市三川下１,高城駅,"ＪＲ日豊本線/高城駅 バス20分 (バス停)三ッ川下 歩5分
ＪＲ日豊本線/鶴崎駅 バス10分 (バス停)三ッ川下 歩5分
ＪＲ日豊本線/牧駅 バス25分 (バス停)三ッ川下 歩5分",築17年,2階,2LDK,58.86m2,5.7万円,https://suumo.jp/chintai/jnc_000098354791/?bc=100427376598,17,58.86,5.7,5,高城駅
リバーハイムA,大分県大分市大字東上野,坂ノ市駅,ＪＲ日豊本線/坂ノ市駅 歩29分,築23年,2階,2LDK,58.98m2,4.2万円,https://suumo.jp/chintai/jnc_000093920016/?bc=100423523857,23,58.98,4.2,29,坂ノ市駅
Ｓｗｅｅｔ　Ｍｅｍｏｒｙ,大分県大分市大字津守,滝尾駅,ＪＲ豊肥本線/滝尾駅 歩11分,築28年,2階,2LDK,55.98m2,5.3万円,https://suumo.jp/chintai/jnc_000053773228/?bc=100444358374,28,55.98,5.3,11,滝尾駅
ラ・バレンシア,大分県大分市須賀２,大在駅,"ＪＲ日豊本線/大在駅 歩20分
ＪＲ日豊本線/鶴崎駅 バス7分 (バス停)須賀 歩7分
ＪＲ日豊本線/坂ノ市駅 バス14分 (バス停)須賀 歩7分",築19年,2階,1LDK,46.49m2,4.5万円,https://suumo.jp/chintai/jnc_000091501003/?bc=100407735466,19,46.49,4.5,20,大在駅
ＨＡＰＰＩＮＥＳＳ,大分県大分市大字森町,鶴崎駅,"ＪＲ日豊本線/鶴崎駅 歩20分
ＪＲ日豊本線/高城駅 歩46分
ＪＲ日豊本線/大在駅 歩59分",築13年,3階,2LDK,60.97m2,6.1万円,https://suumo.jp/chintai/jnc_000050401566/?bc=100429268485,13,60.97,6.1,20,鶴崎駅
ミニョンガーデン,大分県大分市大字羽田,滝尾駅,"ＪＲ豊肥本線/滝尾駅 歩14分
ＪＲ日豊本線/大分駅 バス20分 (バス停)滝尾校区公民館前 歩5分",築9年,2階,1LDK,49.14m2,5.4万円,https://suumo.jp/chintai/jnc_000099390716/?bc=100413890657,9,49.14,5.4,14,滝尾駅
レジデンス片島I,大分県大分市大字片島,滝尾駅,ＪＲ豊肥本線/滝尾駅 歩19分,築30年,3階,3DK,66.22m2,5万円,https://suumo.jp/chintai/jnc_000099507557/?bc=100444358368,30,66.22,5.0,19,滝尾駅
オーセルII,大分県大分市大字津守,滝尾駅,ＪＲ豊肥本線/滝尾駅 歩8分,築16年,2階,2LDK,58.48m2,5.9万円,https://suumo.jp/chintai/jnc_000099292290/?bc=100436507794,16,58.48,5.9,8,滝尾駅
ミミヤヒル　Ｃ,大分県大分市大字猪野,高城駅,ＪＲ日豊本線/高城駅 バス15分 (バス停)猪野下 歩3分,築16年,2階,1LDK,37.13m2,4.35万円,https://suumo.jp/chintai/jnc_000099313219/?bc=100443192949,16,37.13,4.35,3,高城駅
ホームズ　コンフォールII,大分県大分市大字鶴崎,鶴崎駅,"ＪＲ日豊本線/鶴崎駅 歩6分
ＪＲ日豊本線/大在駅 バス11分 (バス停)鶴崎駅前 歩7分
ＪＲ日豊本線/大分駅 バス27分 (バス停)鶴崎駅前 歩7分",築11年,2階,1K,30m2,4.5万円,https://suumo.jp/chintai/jnc_000098354780/?bc=100437399845,11,30.0,4.5,6,鶴崎駅
リバーサイドそれいゆI,大分県大分市大字下判田,中判田駅,ＪＲ豊肥本線/中判田駅 歩6分,築11年,2階,1LDK,50.12m2,5万円,https://suumo.jp/chintai/jnc_000099345138/?bc=100443411703,11,50.12,5.0,6,中判田駅
エスポワール（小池原）,大分県大分市大字小池原小池原,高城駅,ＪＲ日豊本線/高城駅 歩14分,築20年,2階,1LDK,40.29m2,4.9万円,https://suumo.jp/chintai/jnc_000097929351/?bc=100432609305,20,40.29,4.9,14,高城駅
サンヒルズ,大分県大分市里３,坂ノ市駅,"ＪＲ日豊本線/坂ノ市駅 歩18分
ＪＲ日豊本線/大在駅 歩34分",築20年,2階,2DK,51.15m2,4.6万円,https://suumo.jp/chintai/jnc_000099361111/?bc=100411498593,20,51.15,4.6,18,坂ノ市駅
ラ　バレンシア２,大分県大分市大字里,坂ノ市駅,ＪＲ日豊本線/坂ノ市駅 歩23分,築10年,2階,1LDK,45.82m2,4.7万円,https://suumo.jp/chintai/jnc_000098168989/?bc=100405311156,10,45.82,4.7,23,坂ノ市駅
レイコート羽田,大分県大分市大字羽田,滝尾駅,"ＪＲ豊肥本線/滝尾駅 歩18分
ＪＲ久大本線/古国府駅 歩36分
ＪＲ日豊本線/牧駅 歩37分",築23年,3階,2LDK,63.91m2,5.8万円,https://suumo.jp/chintai/jnc_000099460841/?bc=100439639257,23,63.91,5.8,18,滝尾駅
コンセールＮＫ,大分県大分市三佐４,鶴崎駅,"ＪＲ日豊本線/鶴崎駅 歩16分
ＪＲ日豊本線/高城駅 歩40分
ＪＲ日豊本線/大在駅 歩62分",築20年,8階,1LDK,43.81m2,4.8万円,https://suumo.jp/chintai/jnc_000096746650/?bc=100423849443,20,43.81,4.8,16,鶴崎駅
グランスイート,大分県大分市賀来北１,賀来駅,"ＪＲ久大本線/賀来駅 歩13分
ＪＲ久大本線/南大分駅 歩18分
ＪＲ日豊本線/大分駅 バス18分 (バス停)賀来入口 歩8分",築12年,2階,1LDK,46.55m2,5.35万円,https://suumo.jp/chintai/jnc_000099502741/?bc=100441805122,12,46.55,5.35,13,賀来駅
ラ・フィーネ弐番館,大分県大分市明磧町２,南大分駅,"ＪＲ久大本線/南大分駅 歩13分
ＪＲ久大本線/古国府駅 歩31分
ＪＲ久大本線/賀来駅 歩33分",築16年,8階,1LDK,37.5m2,5.3万円,https://suumo.jp/chintai/jnc_000057968830/?bc=100434416734,16,37.5,5.3,13,南大分駅
ユニゾンゑびす,大分県大分市恵比寿町,坂ノ市駅,ＪＲ日豊本線/坂ノ市駅 歩5分,築18年,2階,2DK,46.49m2,4.3万円,https://suumo.jp/chintai/jnc_000098539230/?bc=100431059998,18,46.49,4.3,5,坂ノ市駅
ユーミー横田,大分県大分市横田２,大在駅,"ＪＲ日豊本線/大在駅 歩13分
ＪＲ日豊本線/坂ノ市駅 歩47分",築17年,3階,3DK,60.97m2,6.1万円,https://suumo.jp/chintai/jnc_000055552380/?bc=100434804771,17,60.97,6.1,13,大在駅
セジュール花みずき,大分県大分市大在北３,,-/大分バス　須賀 歩9分,築17年,2階,1LDK,38.3m2,4.6万円,https://suumo.jp/chintai/jnc_000099350367/?bc=100406089195,17,38.3,4.6,9,
エンジェル　スカイ,大分県大分市大字荏隈,南大分駅,"ＪＲ久大本線/南大分駅 歩12分
ＪＲ久大本線/賀来駅 バス4分 (バス停)中の瀬団地入口 歩2分
ＪＲ日豊本線/大分駅 バス18分 (バス停)中の瀬団地入口 歩2分",築13年,2階,1LDK,45.97m2,5.3万円,https://suumo.jp/chintai/jnc_000098046344/?bc=100423401227,13,45.97,5.3,12,南大分駅
ＪＲ日豊本線 牧駅 2階建 築16年,大分県大分市下郡北３,牧駅,ＪＲ日豊本線/牧駅 歩20分,築16年,2階,1LDK,42.37m2,5.6万円,https://suumo.jp/chintai/jnc_000099587455/?bc=100444807335,16,42.37,5.6,20,牧駅
メゾンローズ二番館,大分県大分市王ノ瀬２,坂ノ市駅,"ＪＲ日豊本線/坂ノ市駅 歩17分
ＪＲ日豊本線/大在駅 歩37分
ＪＲ日豊本線/幸崎駅 歩75分",築5年,2階,1LDK,50.42m2,5.35万円,https://suumo.jp/chintai/jnc_000099609247/?bc=100439357873,5,50.42,5.35,17,坂ノ市駅
コーリンエステートエビスI,大分県大分市恵比寿町,坂ノ市駅,ＪＲ日豊本線/坂ノ市駅 歩7分,築14年,2階,2DK,45.39m2,4.35万円,https://suumo.jp/chintai/jnc_000098019292/?bc=100437399894,14,45.39,4.35,7,坂ノ市駅
フォルム・グレースＡ,大分県大分市大字津守,滝尾駅,ＪＲ豊肥本線/滝尾駅 歩10分,築10年,2階,2DK,46.06m2,5.4万円,https://suumo.jp/chintai/jnc_000098850956/?bc=100440009760,10,46.06,5.4,10,滝尾駅
フィオーレはやし,大分県大分市城東町,高城駅,"ＪＲ日豊本線/高城駅 歩12分
ＪＲ日豊本線/牧駅 歩14分
ＪＲ日豊本線/鶴崎駅 歩55分",築6年,8階,1LDK,44.8m2,6万円,https://suumo.jp/chintai/jnc_000096408793/?bc=100421357886,6,44.8,6.0,12,高城駅
プリムローズIV,大分県大分市大字羽田,滝尾駅,ＪＲ豊肥本線/滝尾駅 歩14分,築9年,2階,1LDK,45.13m2,5.5万円,https://suumo.jp/chintai/jnc_000098730209/?bc=100415051047,9,45.13,5.5,14,滝尾駅
グレイスＨＡＬ　Ｂ,大分県大分市大字津守,滝尾駅,ＪＲ豊肥本線/滝尾駅 歩7分,築21年,2階,2LDK,51.67m2,5.4万円,https://suumo.jp/chintai/jnc_000097387843/?bc=100429806191,21,51.67,5.4,7,滝尾駅
コルシェーヌ,大分県大分市庄境,大在駅,ＪＲ日豊本線/大在駅 歩22分,築17年,2階,2LDK,57.13m2,5.6万円,https://suumo.jp/chintai/jnc_000027588809/?bc=100426272886,17,57.13,5.6,22,大在駅
マイ　キャッスル　新栄,大分県大分市新栄町,高城駅,"ＪＲ日豊本線/高城駅 歩13分
ＪＲ日豊本線/牧駅 歩18分
ＪＲ日豊本線/鶴崎駅 歩52分",築3年,2階,1K,32.25m2,4.85万円,https://suumo.jp/chintai/jnc_000091605103/?bc=100372800390,3,32.25,4.85,13,高城駅
パーソナルＹＨ,大分県大分市牧３,牧駅,"ＪＲ日豊本線/牧駅 歩9分
ＪＲ日豊本線/高城駅 歩16分",築6年,3階,1LDK,36m2,5.4万円,https://suumo.jp/chintai/jnc_000049842364/?bc=100441722287,6,36.0,5.4,9,牧駅
Flower Continue,大分県大分市大字荏隈,南大分駅,"ＪＲ久大本線/南大分駅 歩9分
ＪＲ久大本線/賀来駅 歩30分
ＪＲ久大本線/古国府駅 歩36分",築4年,5階,1LDK,41.6m2,5.9万円,https://suumo.jp/chintai/jnc_000099369632/?bc=100443578382,4,41.6,5.9,9,南大分駅
キャッスル坂ノ市,大分県大分市坂ノ市中央１,坂ノ市駅,"ＪＲ日豊本線/坂ノ市駅 歩6分
ＪＲ日豊本線/大在駅 歩40分
ＪＲ日豊本線/鶴崎駅 歩84分",築14年,,3LDK,76m2,6.8万円,https://suumo.jp/chintai/jnc_000097411141/?bc=100428405686,14,76.0,6.8,6,坂ノ市駅
メゾンドクレチュール,大分県大分市古国府４,古国府駅,ＪＲ久大本線/古国府駅 歩10分,築10年,8階,1DK,30.69m2,5万円,https://suumo.jp/chintai/jnc_000099390727/?bc=100443675256,10,30.69,5.0,10,古国府駅
レオパーク,大分県大分市角子南２,大在駅,ＪＲ日豊本線/大在駅 歩10分,築7年,2階,1LDK,52.38m2,5.35万円,https://suumo.jp/chintai/jnc_000099298355/?bc=100443055990,7,52.38,5.35,10,大在駅
ミレニアムＫＡＮ　II　Ａ棟,大分県大分市大字中戸次,中判田駅,ＪＲ豊肥本線/中判田駅 バス3分 (バス停)へつぎ病院前 歩5分,築26年,2階,2LDK,58.53m2,4.7万円,https://suumo.jp/chintai/jnc_000091930528/?bc=100443059822,26,58.53,4.7,5,中判田駅
セピアコート,大分県大分市角子原２,大在駅,ＪＲ日豊本線/大在駅 歩12分,築23年,2階,2DK,42.77m2,4.4万円,https://suumo.jp/chintai/jnc_000097937241/?bc=100432686866,23,42.77,4.4,12,大在駅
エアリ メゾンI,大分県大分市汐見１,大在駅,ＪＲ日豊本線/大在駅 歩18分,築18年,2階,1LDK,46.49m2,4.6万円,https://suumo.jp/chintai/jnc_000099200289/?bc=100436350188,18,46.49,4.6,18,大在駅
サンガーデン片島,大分県大分市大字片島,滝尾駅,ＪＲ豊肥本線/滝尾駅 歩12分,築28年,2階,2LDK,51.37m2,5.5万円,https://suumo.jp/chintai/jnc_000099481743/?bc=100444196766,28,51.37,5.5,12,滝尾駅
ルヴァンヴェール,大分県大分市大字永興,南大分駅,ＪＲ久大本線/南大分駅 歩16分,築6年,8階,1DK,30.02m2,5.2万円,https://suumo.jp/chintai/jnc_000099381379/?bc=100444628611,6,30.02,5.2,16,南大分駅
Ｐｒｏｍｅｎａｄｅ　Ｓ．Ｔ,大分県大分市賀来北１,賀来駅,"ＪＲ久大本線/賀来駅 歩12分
ＪＲ久大本線/南大分駅 歩18分",築18年,2階,1LDK,37.13m2,4.45万円,https://suumo.jp/chintai/jnc_000091380279/?bc=100427309713,18,37.13,4.45,12,賀来駅
トレステーラ　プランドールIV,大分県大分市竹の上,南大分駅,ＪＲ久大本線/南大分駅 歩6分,築9年,5階,1DK,29.69m2,4.7万円,https://suumo.jp/chintai/jnc_000099502745/?bc=100444768244,9,29.69,4.7,6,南大分駅
コンフォールコートＣ,大分県大分市浜中,坂ノ市駅,"ＪＲ日豊本線/坂ノ市駅 歩5分
ＪＲ日豊本線/大在駅 バス9分 (バス停)坂の市 歩8分
ＪＲ日豊本線/大分駅 バス44分 (バス停)坂の市 歩8分",築22年,2階,2LDK,51.67m2,4.5万円,https://suumo.jp/chintai/jnc_000094164980/?bc=100410005592,22,51.67,4.5,5,坂ノ市駅
ロゼア鶴崎駅前,大分県大分市北鶴崎１,鶴崎駅,"ＪＲ日豊本線/鶴崎駅 歩6分
ＪＲ日豊本線/大在駅 歩43分
ＪＲ日豊本線/高城駅 歩47分",築6年,5階,1LDK,41.6m2,5.3万円,https://suumo.jp/chintai/jnc_000099193187/?bc=100442183504,6,41.6,5.3,6,鶴崎駅
イースト・カズ,大分県大分市東浜１,牧駅,ＪＲ日豊本線/牧駅 歩22分,築17年,2階,1LDK,42.37m2,4.7万円,https://suumo.jp/chintai/jnc_000081501212/?bc=100438850119,17,42.37,4.7,22,牧駅
スターテラス　小池原,大分県大分市大字小池原,高城駅,ＪＲ日豊本線/高城駅 歩22分,築17年,2階,1LDK,44.52m2,4.7万円,https://suumo.jp/chintai/jnc_000014853639/?bc=100431787894,17,44.52,4.7,22,高城駅
ＪＲ日豊本線 大在駅 2階建 築31年,大分県大分市竹下１,大在駅,"ＪＲ日豊本線/大在駅 歩8分
ＪＲ日豊本線/坂ノ市駅 バス8分 (バス停)平野 歩5分
ＪＲ日豊本線/大分駅 バス39分 (バス停)平野 歩5分",築31年,2階,2LDK,54.34m2,5万円,https://suumo.jp/chintai/jnc_000099397802/?bc=100444067618,31,54.34,5.0,8,大在駅
プロムナードＳ．Ｔ　III,大分県大分市賀来北１,賀来駅,ＪＲ久大本線/賀来駅 歩12分,築8年,2階,2LDK,58.93m2,6.35万円,https://suumo.jp/chintai/jnc_000099331528/?bc=100443411690,8,58.93,6.35,12,賀来駅
クレールメゾン　Ｂ,大分県大分市坂ノ市西２,坂ノ市駅,"ＪＲ日豊本線/坂ノ市駅 歩18分
ＪＲ日豊本線/大在駅 歩49分
ＪＲ日豊本線/鶴崎駅 歩94分",築22年,2階,2LDK,53.59m2,5.6万円,https://suumo.jp/chintai/jnc_000096780777/?bc=100429066525,22,53.59,5.6,18,坂ノ市駅
プレミール８番館,大分県大分市大字羽田,滝尾駅,"ＪＲ豊肥本線/滝尾駅 歩20分
大分バス/羽田入口 歩1分",築20年,3階,1LDK,44.8m2,5.3万円,https://suumo.jp/chintai/jnc_000059184423/?bc=100443583303,20,44.8,5.3,20,滝尾駅
メゾン　エトワールII,大分県大分市小中島２,鶴崎駅,ＪＲ日豊本線/鶴崎駅 歩19分,築18年,2階,2DK,40.45m2,4.55万円,https://suumo.jp/chintai/jnc_000097686240/?bc=100434107463,18,40.45,4.55,19,鶴崎駅
アルバ０７,大分県大分市賀来西２,賀来駅,ＪＲ久大本線/賀来駅 歩13分,築19年,2階,2LDK,61.6m2,6.6万円,https://suumo.jp/chintai/jnc_000085706600/?bc=100439720995,19,61.6,6.6,13,賀来駅
ＪＲ久大本線 賀来駅 2階建 築19年,大分県大分市賀来西２,賀来駅,"ＪＲ久大本線/賀来駅 歩13分
ＪＲ日豊本線/大分駅 バス23分 (バス停)下角の前 歩5分",築19年,2階,2LDK,61.6m2,6.6万円,https://suumo.jp/chintai/jnc_000098882730/?bc=100444067646,19,61.6,6.6,13,賀来駅
サンライト才賀　II,大分県大分市賀来北１,賀来駅,ＪＲ久大本線/賀来駅 歩11分,築7年,2階,1LDK,44.66m2,5.5万円,https://suumo.jp/chintai/jnc_000099560376/?bc=100439721020,7,44.66,5.5,11,賀来駅
アクシオンIII,大分県大分市東浜１,牧駅,ＪＲ日豊本線/牧駅 歩25分,築14年,3階,1LDK,44.8m2,5.5万円,https://suumo.jp/chintai/jnc_000099457248/?bc=100444038644,14,44.8,5.5,25,牧駅
ウィンディア高木,大分県大分市徳島３,鶴崎駅,"ＪＲ日豊本線/鶴崎駅 歩17分
ＪＲ日豊本線/大在駅 歩48分",築30年,2階,2LDK,52.84m2,4.3万円,https://suumo.jp/chintai/jnc_000098030293/?bc=100444444070,30,52.84,4.3,17,鶴崎駅
フォルトゥーナ横尾A・B　B棟,大分県大分市横尾東町３,,-/大分バス　中筋 歩3分,築6年,2階,1LDK,42m2,5.7万円,https://suumo.jp/chintai/jnc_000056537547/?bc=100434111539,6,42.0,5.7,3,
グレーシア皆春,大分県大分市大字皆春,鶴崎駅,"ＪＲ日豊本線/鶴崎駅 歩23分
ＪＲ日豊本線/高城駅 歩35分
ＪＲ日豊本線/牧駅 歩56分",築10年,2階,1LDK,38.32m2,5.1万円,https://suumo.jp/chintai/jnc_000098968922/?bc=100435877252,10,38.32,5.1,23,鶴崎駅
シャーメゾン豊府,大分県大分市羽屋３,古国府駅,"ＪＲ久大本線/古国府駅 歩16分
ＪＲ久大本線/南大分駅 歩23分
ＪＲ日豊本線/大分駅 バス18分 (バス停)南太平寺入口 歩7分",築16年,2階,1LDK,46.07m2,6万円,https://suumo.jp/chintai/jnc_000088693458/?bc=100442340405,16,46.07,6.0,16,古国府駅
ベルエスパス,大分県大分市日岡１,高城駅,"ＪＲ日豊本線/高城駅 歩12分
ＪＲ日豊本線/大分駅 バス22分 (バス停)新高松 歩2分",築12年,2階,1LDK,46.09m2,5.5万円,https://suumo.jp/chintai/jnc_000097679775/?bc=100431426950,12,46.09,5.5,12,高城駅
クレールメゾン　Ｄ,大分県大分市坂ノ市西２,坂ノ市駅,"ＪＲ日豊本線/坂ノ市駅 歩17分
ＪＲ日豊本線/大在駅 歩49分
ＪＲ日豊本線/鶴崎駅 歩94分",築16年,2階,2DK,45.26m2,5.3万円,https://suumo.jp/chintai/jnc_000050934022/?bc=100426530394,16,45.26,5.3,17,坂ノ市駅
Ｓｗｅｅｔ　Ｈｏｍｅ,大分県大分市大字旦野原,大分大学前駅,"ＪＲ豊肥本線/大分大学前駅 歩25分
大分バス/大分大学入口 歩23分",築22年,2階,2DK,46.06m2,4.8万円,https://suumo.jp/chintai/jnc_000088108064/?bc=100385919181,22,46.06,4.8,25,大分大学前駅
サン松山Ｂ,大分県大分市萩原４,牧駅,"ＪＲ日豊本線/牧駅 歩15分
ＪＲ日豊本線/高城駅 バス3分 (バス停)西萩原 歩7分
ＪＲ日豊本線/大分駅 バス19分 (バス停)萩原本町 歩1分",築18年,2階,1LDK,42.37m2,5万円,https://suumo.jp/chintai/jnc_000096843569/?bc=100425361618,18,42.37,5.0,15,牧駅
シャーメゾン昴　Ｅ棟,大分県大分市大字津守,,-/津守新町 歩5分,築22年,2階,3DK,57.81m2,6.05万円,https://suumo.jp/chintai/jnc_000097316971/?bc=100402077360,22,57.81,6.05,5,
グリーンウェーブ,大分県大分市下郡北３,牧駅,"ＪＲ日豊本線/牧駅 歩15分
ＪＲ日豊本線/大分駅 バス15分 (バス停)北下郡 歩5分",築23年,2階,2LDK,54.78m2,6.2万円,https://suumo.jp/chintai/jnc_000098939936/?bc=100443792534,23,54.78,6.2,15,牧駅
モデルノ　カーサ,大分県大分市大字荏隈,南大分駅,ＪＲ久大本線/南大分駅 歩13分,築14年,3階,1LDK,55.04m2,5.55万円,https://suumo.jp/chintai/jnc_000099331522/?bc=100443411685,14,55.04,5.55,13,南大分駅
パティオＩＭＯＴＯ,大分県大分市大字片島,滝尾駅,ＪＲ豊肥本線/滝尾駅 歩11分,築27年,2階,2DK,50.99m2,4.7万円,https://suumo.jp/chintai/jnc_000061344551/?bc=100443937834,27,50.99,4.7,11,滝尾駅
ＪＲ久大本線 南大分駅 2階建 築25年,大分県大分市大字荏隈,南大分駅,"ＪＲ久大本線/南大分駅 歩12分
ＪＲ久大本線/賀来駅 歩22分
ＪＲ日豊本線/大分駅 バス13分 (バス停)中の瀬団地入口 歩1分",築25年,2階,2LDK,54.78m2,5.95万円,https://suumo.jp/chintai/jnc_000098564933/?bc=100444067620,25,54.78,5.95,12,南大分駅
ユーミー奥田,大分県大分市大字荏隈明磧,南大分駅,ＪＲ久大本線/南大分駅 歩16分,築13年,4階,1LDK,41.04m2,5.5万円,https://suumo.jp/chintai/jnc_000099020077/?bc=100440950668,13,41.04,5.5,16,南大分駅
サニーガーデンＡ,大分県大分市大字里,坂ノ市駅,ＪＲ日豊本線/坂ノ市駅 歩28分,築10年,2階,1LDK,45.89m2,4.75万円,https://suumo.jp/chintai/jnc_000097679767/?bc=100430409589,10,45.89,4.75,28,坂ノ市駅
サンシャインシティ2・牧上,大分県大分市大字牧大迫,牧駅,"ＪＲ日豊本線/牧駅 歩8分
ＪＲ日豊本線/高城駅 歩25分
ＪＲ日豊本線/大分駅 歩44分",築7年,2階,1LDK,44.88m2,5.4万円,https://suumo.jp/chintai/jnc_000044344128/?bc=100433052182,7,44.88,5.4,8,牧駅
サンビレッジ皆春,大分県大分市大字皆春,鶴崎駅,"ＪＲ日豊本線/鶴崎駅 歩12分
ＪＲ日豊本線/高城駅 歩29分
ＪＲ日豊本線/牧駅 歩49分",築32年,2階,3LDK,60.35m2,5.5万円,https://suumo.jp/chintai/jnc_000099516838/?bc=100413156773,32,60.35,5.5,12,鶴崎駅
大滝前田ビルＢ,大分県大分市大字片島,滝尾駅,ＪＲ豊肥本線/滝尾駅 歩13分,築11年,3階,1K,31.65m2,4.7万円,https://suumo.jp/chintai/jnc_000098990622/?bc=100440806067,11,31.65,4.7,13,滝尾駅
ユーミー葵,大分県大分市三佐１,鶴崎駅,"ＪＲ日豊本線/鶴崎駅 歩24分
ＪＲ日豊本線/高城駅 歩35分
ＪＲ日豊本線/大在駅 歩63分",築15年,3階,1LDK,41.04m2,5.2万円,https://suumo.jp/chintai/jnc_000032992930/?bc=100421404648,15,41.04,5.2,24,鶴崎駅
リヴィエールI・II　I棟,大分県大分市里２,坂ノ市駅,ＪＲ日豊本線/坂ノ市駅 歩13分,築18年,2階,2LDK,59.58m2,6.2万円,https://suumo.jp/chintai/jnc_000098851004/?bc=100428872869,18,59.58,6.2,13,坂ノ市駅
ブルーム千歳,大分県大分市大字千歳,鶴崎駅,"ＪＲ日豊本線/鶴崎駅 歩31分
ＪＲ日豊本線/大分駅 バス34分 (バス停)桃園団地中 歩3分",築12年,2階,1LDK,40.05m2,4.9万円,https://suumo.jp/chintai/jnc_000044520238/?bc=100407735345,12,40.05,4.9,31,鶴崎駅
第２宗コーポＡ棟,大分県大分市大字羽田,滝尾駅,ＪＲ豊肥本線/滝尾駅 歩26分,築27年,3階,2DK,46.37m2,5万円,https://suumo.jp/chintai/jnc_000091218962/?bc=100385161072,27,46.37,5.0,26,滝尾駅
エスペランササキ　Ａ棟,大分県大分市三佐２,鶴崎駅,"-/海原橋東 歩4分
ＪＲ日豊本線/鶴崎駅 歩19分",築31年,2階,2LDK,54.81m2,5.2万円,https://suumo.jp/chintai/jnc_000080986242/?bc=100441953218,31,54.81,5.2,4,鶴崎駅
ファンタジー２１,大分県大分市大字羽田,滝尾駅,ＪＲ豊肥本線/滝尾駅 歩19分,築28年,2階,2LDK,53.51m2,4.9万円,https://suumo.jp/chintai/jnc_000094601653/?bc=100434345061,28,53.51,4.9,19,滝尾駅
メゾンオーブＣ,大分県大分市大字三佐,鶴崎駅,"ＪＲ日豊本線/鶴崎駅 歩25分
ＪＲ日豊本線/高城駅 歩47分",築11年,2階,1LDK,45.82m2,5.05万円,https://suumo.jp/chintai/jnc_000095531058/?bc=100416010683,11,45.82,5.05,25,鶴崎駅
パシデルマーレ新川,大分県大分市新川町２,大分駅,"ＪＲ久大本線/大分駅 歩25分
ＪＲ豊肥本線/大分駅 歩25分
ＪＲ日豊本線/大分駅 歩25分",築13年,5階,1LDK,39.73m2,5.6万円,https://suumo.jp/chintai/jnc_000081165236/?bc=100444297001,13,39.73,5.6,25,大分駅
メルベーユゆたか　Ａ棟,大分県大分市恵比寿町,坂ノ市駅,ＪＲ日豊本線/坂ノ市駅 歩9分,築27年,2階,3DK,53.76m2,5.1万円,https://suumo.jp/chintai/jnc_000094772055/?bc=100401705625,27,53.76,5.1,9,坂ノ市駅
サニーツユキ,大分県大分市大字荏隈,南大分駅,ＪＲ久大本線/南大分駅 歩14分,築24年,2階,2DK,42.77m2,4.8万円,https://suumo.jp/chintai/jnc_000098553948/?bc=100439016185,24,42.77,4.8,14,南大分駅
